student_id,lesson_gap,kg_proximity,difficulty_fit,duration_fit,style_type_fit,prereq_readiness,rule_score,content_score,tag_overlap,tfidf_lesson_sim,graph_score,gnn_style_affinity,kg_resource_centrality,risk_score,engagement_norm,performance_norm,attendance_ratio,gpa_norm,prior_score,time_budget,interaction_density_norm,submission_delay,forum_activity,n_gap_norm,quiz_gap,assessment_gap,resource_appetite,ability,res_duration_norm,res_difficulty,res_is_video,res_is_lab,res_is_pdf,res_prereq_count,res_lesson_size
ST1026,0.041367,0.043408,0.017875,0.00822,0.002957,-0.044258,0.141117,0.002836,0.000804,0.015767,0.001982,-0.002313,0.002585,-0.005132,-0.000552,2.8e-05,-0.00049,-0.000302,1.5e-05,0.00257,0.000368,-0.000547,-0.000304,0.0,0.000653,0.000841,-0.00026,-0.000402,-0.006886,0.120319,0.008051,-0.000138,0.001294,-6e-05,-0.000459
ST1032,0.041774,0.043408,0.022755,0.008254,-0.006126,0.07583,0.171519,0.016861,0.001573,0.022939,0.001577,0.001708,-0.001072,-0.001241,0.000573,0.000587,-0.000144,0.000534,-9.9e-05,0.002222,2.7e-05,-0.000226,0.000371,0.001512,5.1e-05,0.000323,0.000681,-0.000498,0.003107,0.008151,0.0,-0.000123,-0.000137,0.00084,0.002575
ST1034,-0.006539,-0.003695,0.003883,0.00589,0.007159,0.002314,0.071567,-0.004229,0.003637,-0.003134,0.00754,0.000167,0.000276,-0.003915,-0.000232,-4.1e-05,0.005059,-0.00031,-0.000176,-3e-06,0.000267,0.000453,-4.9e-05,0.000684,0.000361,0.000354,-0.00065,-0.000346,0.000528,0.000248,-0.005307,0.006652,0.012416,8.7e-05,0.000888
ST1036,0.041774,0.043408,0.021381,0.008026,0.00205,0.08002,0.185559,0.007635,0.003435,0.014177,0.006851,0.001921,0.00063,-0.002649,-0.001821,-0.000712,-0.000459,0.000557,0.000147,0.001589,-0.000546,-0.000432,0.000892,-0.000612,0.000339,0.00034,-0.001909,-4.7e-05,0.002888,0.009118,0.0,-0.00024,-0.000311,0.000545,-0.004213
ST1047,0.041774,0.043408,0.023244,0.005117,0.001686,0.074028,0.233263,0.008776,0.003253,0.020431,0.000609,0.000345,0.001139,0.015151,0.0008,-0.000813,4.4e-05,0.000449,-0.000509,0.000365,0.000108,0.000502,-1.2e-05,-0.000785,0.002027,-0.000738,8.3e-05,0.000547,0.002797,0.007673,0.0,-7.3e-05,5.1e-05,0.000496,0.001944
ST1068,0.041367,0.043963,0.036543,0.010448,0.000604,0.107846,0.055536,0.027776,0.006197,0.039394,0.002946,0.000941,0.000717,0.004777,-0.000195,-1.5e-05,0.000653,0.000196,0.0,0.001726,0.000149,-0.000341,0.000548,0.000341,0.000138,-0.000127,0.00039,0.006837,0.001185,-0.025717,0.0,-7.3e-05,0.0,0.001533,0.007257
ST1087,0.041774,0.043408,0.024202,0.008496,-0.005616,0.076231,0.159878,0.021405,0.001806,0.036645,-0.010786,-0.005424,0.000905,-0.000746,0.000107,-0.000523,0.000509,-0.000375,-0.000535,0.00209,-0.000902,-0.000147,0.000216,0.001695,-0.000176,0.00031,-0.000262,-7e-05,0.002728,0.00833,0.0,-0.000138,-4.9e-05,0.000829,0.002407
ST1088,0.041774,0.043408,0.02144,0.008764,0.003161,0.080859,0.156983,0.000601,-0.001361,0.009156,0.004668,0.001224,-0.00288,-0.000244,0.000934,0.00043,0.001267,-4e-06,-0.000246,0.002524,-0.000145,0.00016,0.00025,0.001414,0.000956,0.000354,0.000147,-0.001675,0.002235,0.009219,0.0,-0.00042,-0.000647,0.000416,-0.003298
ST1091,0.041367,0.043408,0.0193,0.000515,0.005053,-0.06063,0.225985,0.008496,0.001455,0.018083,0.001024,0.038771,0.003284,0.018322,0.001391,0.000456,0.009523,0.00063,-0.000102,0.000109,0.000842,0.000194,-1.9e-05,-0.000197,0.000271,-9.4e-05,0.0001,0.00296,0.003136,0.090013,0.007517,-7.3e-05,0.005891,0.0,0.002213
ST1102,0.041774,0.043408,0.023459,0.004512,0.001621,0.075177,0.237452,0.000802,0.000537,0.013651,0.001975,0.00013,0.000761,0.014276,-0.000867,-0.001449,0.000241,9e-06,0.001365,0.000809,-3.4e-05,0.000701,0.00024,-0.000785,-0.000296,-0.000892,0.000322,0.000497,0.00276,0.007766,0.0,-7.3e-05,5.1e-05,0.000496,0.001838
ST1104,0.041976,0.043408,0.028204,0.007737,-0.003406,0.079133,0.13048,0.003242,0.000549,0.014312,0.008622,0.001362,0.001291,-4.4e-05,0.001097,0.000171,-0.000385,-3.4e-05,-0.000137,0.003177,0.001082,9.9e-05,0.000153,-0.001837,0.000467,-0.000507,-0.001481,0.000837,0.003168,0.007185,0.0,0.003256,0.000569,0.000714,0.003496
ST1105,0.041774,0.043408,0.021734,0.007637,0.001631,0.075921,0.187902,0.01913,-0.000822,0.019349,0.004894,0.002173,-0.001742,-0.002732,0.000167,0.00032,-0.000743,-0.000956,3.2e-05,0.000919,-0.000145,0.000399,0.000962,0.000782,-0.000517,-0.000157,1.6e-05,-7e-05,0.00317,0.00805,0.0,-0.000231,-8.5e-05,0.000969,0.001192
ST1106,0.041774,0.043408,0.020592,0.00775,0.001594,0.073747,0.236468,0.016651,0.00397,0.027168,0.001827,0.000399,0.001141,0.013663,0.000251,-8.6e-05,7.1e-05,0.000326,0.0,0.000916,0.000678,7.2e-05,-7.7e-05,0.001084,0.000287,-0.000165,6.3e-05,0.001677,0.002797,0.007774,0.0,-7.3e-05,5.1e-05,0.000549,0.001757
ST1107,0.041774,0.043408,0.025742,0.009647,0.001865,0.078282,0.138486,0.00126,-0.000684,0.016589,0.007687,0.00336,0.001131,0.000107,0.000839,0.000849,0.000693,0.000113,-6.3e-05,0.002792,-0.000495,-0.000439,0.000311,0.001755,0.000635,-0.000302,0.000916,0.000251,0.002625,0.008303,0.0,-0.000686,-0.000379,0.000714,0.002569
ST1119,-0.006314,-0.003524,0.003361,0.007711,-0.00642,0.002201,0.053769,-0.004542,-0.008796,-0.003089,0.011756,-0.00059,-0.000259,-0.004329,-0.002298,7.3e-05,-0.008167,0.000291,0.000274,0.000224,6.4e-05,0.0,-0.000398,0.000718,-5.4e-05,6e-05,6.1e-05,-0.00021,0.000812,2.4e-05,0.014364,-0.000468,0.007932,8.7e-05,2.6e-05
ST1121,0.041367,0.043408,0.017115,0.004491,0.004336,-0.061056,0.244883,0.010102,0.001398,0.018061,0.005584,0.039807,0.003252,0.018604,0.000545,0.000914,0.0142,-0.001273,-0.000102,-0.00018,0.0,6.2e-05,-0.000223,0.0,0.001179,0.000143,0.000645,0.000513,0.002041,0.093602,0.007332,-7.3e-05,0.006474,0.0,-0.002526
ST1122,0.041774,0.043408,0.02355,0.005664,0.002455,0.075487,0.150418,0.015394,0.001745,0.021533,0.002629,0.004318,0.000189,-0.000568,0.000749,9.3e-05,-0.00077,0.000297,0.00013,0.001627,-0.000577,-0.000276,0.000239,0.001216,-0.000416,-0.000377,-9.9e-05,-5.2e-05,0.002911,0.007946,0.0,-0.000188,0.0,0.000464,0.002281
ST1140,0.041774,0.043408,0.030243,0.014262,-0.00026,0.104761,0.073403,0.018043,0.006224,0.031375,0.001914,-0.000552,0.002621,0.007494,-0.000588,0.000371,-0.000803,-0.000471,-0.000119,0.003278,7e-05,-6.7e-05,-0.000328,0.00052,-7.2e-05,-0.000291,-0.000674,-0.002644,0.001746,0.002303,0.0,-0.000129,0.0,0.001533,0.004067
ST1153,0.041774,0.043408,0.022238,0.008582,0.00156,0.075547,0.239896,0.006647,0.000332,0.016332,0.003554,0.000855,0.000192,0.014276,-0.001166,-0.001454,-0.00018,-0.000274,-0.000388,0.000708,-0.000138,-0.000618,-0.000363,-0.000909,-0.000753,-0.000292,0.000128,-0.000306,0.00276,0.007968,0.0,-7.3e-05,5.1e-05,0.000794,0.001701
ST1158,0.045745,0.054267,-0.05469,0.016664,-0.001852,0.036987,-0.05963,0.042399,0.006927,0.051061,0.002161,0.001028,0.004714,-0.00573,0.0,0.000297,-0.000799,0.000111,0.00014,-0.000161,-0.000245,0.000159,0.000147,0.00017,-0.000123,0.000548,0.0,0.003592,0.002339,0.022249,-0.000818,-0.000104,0.0,0.002479,0.009346
ST1169,0.041367,0.043522,-0.07923,0.010168,0.001378,0.088884,0.121664,0.032357,0.005138,0.04032,0.002749,0.000954,0.001165,0.000455,0.00149,-0.000411,0.000242,0.000437,0.0,-0.001284,0.000218,0.000312,-0.000233,0.000659,0.00034,0.000362,-1.3e-05,-0.000549,0.001603,-0.019787,0.0,-0.000138,0.0,0.003221,0.006873
ST1177,0.041367,0.043522,-0.07344,0.015444,-0.002417,0.095339,0.102945,0.012228,0.000277,0.01937,0.005056,0.00124,0.001343,-0.000287,-0.000615,0.000208,0.001004,3e-05,0.0,0.000451,-0.000382,-0.000302,0.000763,-0.00071,0.000114,0.000248,-0.000487,-0.00037,0.000485,-0.021924,0.0,-0.000138,0.0,0.003851,0.009876
ST1194,0.041367,0.043408,0.024366,0.009106,-0.004103,0.07683,0.142902,-0.004718,0.000991,0.023652,0.008034,0.001042,0.000714,-7.3e-05,-0.001836,0.000987,-0.000689,-0.000283,-0.000137,0.001865,0.000846,0.000188,-0.000182,-0.001604,0.000797,-0.000714,-0.002374,0.000174,0.002312,0.007938,0.0,0.00173,0.000761,0.000758,0.002474
ST1196,0.041774,0.043408,0.02449,0.008284,-0.007021,0.08002,0.16928,0.006833,0.002104,0.016061,0.007649,0.001551,0.001138,-0.001361,-0.00142,-0.000203,-0.000496,0.000614,0.0,0.001621,0.000158,4.1e-05,-0.000155,-0.001386,-4e-06,-0.000158,0.000459,0.000215,0.002859,0.008871,0.0,-0.000333,-0.00046,0.000464,-0.003067
ST1214,0.041367,0.045606,0.019901,0.011651,0.003735,-0.039316,0.119928,0.002281,-0.001255,0.016036,0.001555,-0.002448,0.003992,-0.003361,0.004155,0.001614,0.002448,0.000384,9.9e-05,0.00318,-0.000531,-0.000236,-0.000228,0.0,-1.3e-05,-0.001791,0.000333,0.001085,-0.004176,0.11687,0.007671,-0.000138,0.002734,-6e-05,-0.000382
ST1215,0.039764,0.043408,0.031541,-0.089436,0.000398,0.070847,0.151535,0.013659,0.004187,0.022577,-0.001719,-6.1e-05,-5.4e-05,-0.000391,-0.000459,0.000127,-0.00065,0.000419,0.0,-0.018705,0.000213,0.000129,0.000234,0.0,0.0,0.000452,-0.000103,0.002276,0.002915,0.00317,0.0,-0.000138,-0.000157,0.001605,0.003372
ST1216,0.041774,0.043408,-0.09687,0.009701,0.00063,0.075885,0.21636,0.024033,0.00388,0.037156,-9.3e-05,0.000524,-0.000151,0.003626,-0.000106,-0.000424,1e-05,0.000583,-0.000261,0.000289,0.000468,0.0,0.0,0.000448,-2.9e-05,0.000335,1.4e-05,8.7e-05,0.003012,0.000144,0.0,-7.3e-05,0.0,0.001912,0.002155
ST1245,0.041774,0.043408,0.022799,0.008259,0.003514,0.077146,0.195056,-0.002054,-0.00024,0.011831,0.005111,0.002651,-2.5e-05,-0.0037,-0.000813,-0.001267,0.000487,-0.000129,0.000147,0.001084,-0.000778,-0.001081,0.000314,-0.000936,0.000225,-5e-06,-0.0008,0.00091,0.002993,0.008275,0.0,-0.000235,-0.000546,0.000843,0.002901
ST1259,0.041774,0.043408,-0.072472,0.020588,0.000338,0.06697,0.06813,0.031812,0.004804,0.039359,0.004039,0.001384,0.003511,0.000989,-0.000325,0.000631,-0.0002,0.000535,0.000129,-0.000895,-6.9e-05,-5.1e-05,-0.000177,0.000728,0.000471,-0.000348,0.000256,-0.000237,0.003672,0.011804,-0.000335,-7.3e-05,0.0,0.003025,0.006997
ST1265,0.041976,0.043408,0.031905,0.008333,-0.002582,0.095662,0.093524,0.004087,-9.3e-05,0.013027,0.007037,0.001768,0.000351,-0.001495,7.4e-05,0.000689,-0.000161,-7.9e-05,7.5e-05,0.001608,-0.000182,-0.000333,0.000294,-0.001076,-7.1e-05,0.000153,2.3e-05,0.000244,0.002513,0.003127,0.0,0.004441,0.000208,0.001684,0.003628
ST1266,0.041774,0.043408,0.022443,0.008181,-0.006977,0.081446,0.18958,0.000924,0.00063,0.01477,0.008986,0.001201,0.000987,-0.002466,-0.001573,-0.000551,0.000493,-0.001121,0.000147,0.001383,0.000195,-0.000598,-0.00051,-0.000689,0.000775,-0.000456,-0.000935,0.000399,0.002851,0.009177,0.0,-0.00024,-0.000746,0.000497,-0.003424
ST1274,0.041774,0.043408,0.034358,0.011376,0.000985,0.074089,0.114825,0.022467,0.002476,0.030983,-0.000796,-0.00063,7.6e-05,-0.001075,-0.000849,-0.000125,0.000942,0.000459,-0.000162,0.001961,2.2e-05,-0.000626,0.000129,0.00128,-0.000375,-0.000364,-0.000147,0.001378,0.002133,0.004068,-0.000175,-0.000138,-0.000299,0.001307,0.002609
ST1284,0.041774,0.043408,0.021453,0.005991,0.001192,0.074028,0.230588,0.009734,0.001803,0.020024,0.000527,0.000322,0.001051,0.014243,-0.000959,0.001798,0.000617,0.000454,-0.000575,0.001309,0.001345,-0.000284,-9e-06,-0.000857,-0.000946,-0.001105,0.000164,0.001434,0.002797,0.007673,0.0,-7.3e-05,5.1e-05,0.000496,0.001852
ST1302,0.041774,0.043408,0.021228,0.007355,0.003271,0.08002,0.205665,0.018502,0.0047,0.016404,0.00331,0.001667,0.000276,-0.003183,-0.000773,-0.000151,0.001099,0.000381,8.4e-05,0.001043,-0.000522,-0.000158,0.001184,0.000417,-3.4e-05,-0.000102,-0.00029,-0.001286,0.002868,0.008871,0.0,-7.3e-05,0.0,0.000675,-0.005044
ST1304,0.041774,0.043408,-0.085126,0.019282,0.002612,0.080613,0.162361,0.007315,0.001078,0.013967,-0.001452,1.4e-05,-0.001083,-0.000747,0.000507,-0.000105,0.000394,-0.000427,0.000199,0.001376,-0.000955,1.2e-05,0.000188,0.001406,-0.000516,-0.000574,-4.2e-05,-0.001497,-0.005803,0.00251,-0.000494,-0.000138,0.0,-0.009163,-0.000197
ST1324,0.041774,0.04385,0.030437,0.012,0.004915,0.105475,0.056929,0.016056,0.006666,0.026188,0.003866,0.001032,0.003938,0.00641,0.000484,-0.000163,0.000253,0.000134,0.0,0.002069,-0.000141,1.6e-05,-0.000197,0.000534,2.3e-05,0.000905,-8.7e-05,0.000177,0.00147,0.002705,0.0,-0.00012,0.0,0.001235,-0.000174
ST1328,0.041976,0.043408,0.022009,0.007909,0.003712,0.076784,0.162262,0.002102,0.001497,0.015371,0.012084,0.003816,0.000744,-0.001659,0.000671,-0.000593,2e-05,0.000402,0.0,0.002454,0.000247,4.8e-05,6.6e-05,0.00143,0.000522,0.001741,0.00282,0.001686,0.002821,0.008698,0.0,0.002394,0.001602,0.000743,0.002137
ST1342,0.041774,0.043408,-0.078751,0.026087,0.002101,0.076984,0.118846,0.007073,0.003052,0.016007,-0.001432,-0.001266,-0.002981,1.8e-05,0.001095,-0.000159,-0.000235,0.000446,0.000151,-0.000409,-0.000207,-0.00078,-2.3e-05,0.00116,0.000328,0.000442,-0.000159,-0.000731,-0.010004,0.002967,0.0,-0.000138,0.0,-0.0104,0.000903
ST1359,0.047836,0.049526,0.025532,0.017299,-0.004643,0.092085,-0.026436,0.034607,-0.00038,0.035428,-0.005168,0.000697,0.003276,0.002518,-0.000262,0.000697,-0.000369,-0.000294,0.0,0.00079,-0.001234,-8.5e-05,-0.000156,0.001432,0.000294,-0.000143,-0.000201,0.002406,0.004642,0.010273,-0.00071,-0.000135,0.0,0.001777,-0.000367
ST1366,0.041774,0.043408,0.021408,0.007723,0.002354,0.07584,0.168255,0.019362,0.003721,0.031564,0.002046,0.002772,0.001444,-0.002103,-0.000203,-0.000582,-0.00015,-0.000496,-0.000108,0.001149,0.000431,-0.000385,0.000342,0.001227,0.001014,-0.000247,-0.000528,2.5e-05,0.00291,0.008424,0.0,-7.3e-05,-3.1e-05,0.00084,0.003636
ST1379,0.041774,0.043408,0.022517,0.00823,0.001246,0.07584,0.204938,0.020207,0.004292,0.032257,-0.002524,0.002602,0.001507,-0.002827,9.9e-05,0.000475,0.000316,0.000826,0.0,0.000705,0.000814,-0.000512,0.000259,0.000627,0.001599,0.000293,-0.00027,-0.000503,0.002987,0.008537,0.0,-7.3e-05,0.0,0.001089,0.00406
ST1388,-0.006595,-0.003407,0.003338,0.006784,0.007743,0.002047,0.070686,0.007368,-0.00348,-0.002799,0.014965,0.001505,-0.000191,-0.000703,0.000405,-0.000263,7.1e-05,-0.000362,0.000119,-0.000407,-0.001024,8.8e-05,0.00024,0.000585,0.000337,0.000334,0.000295,-0.000404,0.000547,0.001754,-0.005188,-0.000693,-0.005026,8.7e-05,-3.1e-05
ST1392,0.041367,0.045606,0.020453,0.003822,0.006146,-0.057852,0.24549,0.008996,-0.000606,0.017138,0.001359,0.039535,0.00371,0.018307,0.001289,0.000763,0.016785,-0.001343,-0.000102,-0.000437,-3.7e-05,0.000227,0.000971,-0.000197,0.000287,-2.6e-05,0.000683,0.006337,0.002066,0.0865,0.007482,-7.3e-05,0.005524,0.0,0.001663
ST1393,0.041367,0.045606,0.016535,0.007467,0.002143,-0.058407,0.176164,0.014248,-0.000455,0.016424,0.001108,-0.003276,0.001179,-0.005712,0.003482,-0.000765,0.002414,3.2e-05,-6.4e-05,0.001673,0.000931,0.000247,0.000277,-0.000197,-0.000297,0.000148,0.000616,-0.001038,0.003229,0.11868,0.004788,-0.000138,0.001848,0.000166,0.006054
ST1403,0.041367,0.043522,-0.079416,0.008665,0.001281,0.082958,0.173748,0.027115,-0.002049,0.037496,0.001907,0.000989,-3.7e-05,0.001328,0.001307,-0.000612,-0.000262,-9.5e-05,0.0,0.000173,0.000155,0.000215,-1.5e-05,0.00033,-0.000204,0.000103,-4.5e-05,0.001106,0.002507,-0.025766,0.0,-0.000138,0.0,0.001855,0.004862
ST1408,0.041774,0.043408,-0.089302,0.017759,0.003289,0.079266,0.194004,0.009319,0.000843,0.013982,-0.001564,0.000989,-0.00036,-0.000768,0.000421,-0.00037,0.000314,-0.001185,0.0,0.00142,0.00125,-6e-05,0.00051,0.000747,-0.00061,1.4e-05,0.000322,-0.001328,-0.005676,0.001893,-0.00032,-7.3e-05,-0.000262,-0.007881,0.000126
ST1409,0.041774,0.043408,0.022317,0.008085,0.002524,0.07584,0.160194,0.022941,0.001575,0.035793,-0.007261,0.004828,0.000923,-0.001004,-2.7e-05,-8.6e-05,0.000291,-0.000207,-0.000209,0.001227,-0.000278,4e-05,0.00031,0.00143,0.000525,-0.00066,-4.2e-05,-0.000507,0.002924,0.008335,0.0,-7.3e-05,0.0,0.000858,0.003531
ST1411,0.041774,0.043408,0.02081,0.008274,0.002334,0.07982,0.205678,-0.00207,-0.000954,0.011825,-0.006005,-0.002564,0.000983,-0.003509,1e-05,-0.000168,-0.000327,-0.00026,0.0,0.001267,0.000552,9.7e-05,-0.000459,0.000543,0.000318,0.000309,0.001651,-1.8e-05,0.002135,0.009677,0.0,-0.000324,-0.000869,0.000652,-0.002822
ST1412,0.041367,0.046383,0.018569,0.006477,0.00312,-0.047419,0.158386,-0.003737,-0.000611,0.01836,0.000452,-0.002385,0.002097,-0.005551,0.001226,-0.000343,-0.000737,-2.6e-05,0.00014,0.00038,0.000313,4.9e-05,0.000167,0.0,-0.000305,-0.000632,0.000964,-0.0004,-0.005953,0.11903,0.007959,-6.5e-05,0.001602,0.000166,-0.000355
ST1416,0.041367,0.043522,-0.077375,0.012009,-0.002922,0.084542,0.146814,0.017343,0.001939,0.02209,0.003363,5.5e-05,0.00051,0.000792,-0.001517,0.001348,7.3e-05,-0.000731,0.0,8.4e-05,-0.000617,-3.6e-05,0.000512,-0.001068,-0.000249,-0.000165,-0.000301,0.001458,0.002297,-0.022224,0.0,-0.000138,0.0,0.003215,0.004862
ST1433,0.041976,0.043408,0.021797,0.006689,0.002257,0.075234,0.210392,0.018834,0.000758,0.03143,0.005097,0.00054,0.001548,-0.002932,-0.000565,3.5e-05,-5.4e-05,0.000564,0.0,0.001256,-0.001928,-0.00032,-0.00077,0.000627,-8.4e-05,0.00029,-0.000187,-0.000882,0.003327,0.008428,0.0,0.001721,0.0,0.001022,0.003647
ST1437,0.041774,0.043408,0.024399,0.009504,0.001874,0.076067,0.145625,0.015992,0.001296,0.020857,0.001993,0.00281,0.000286,-0.000357,0.001285,6.8e-05,0.001038,-4.9e-05,0.00013,0.001377,-0.000688,0.000617,0.000669,0.001386,0.000436,0.000205,0.000619,0.000152,0.002911,0.007695,0.0,-0.000188,0.0,0.000464,0.001986
ST1440,0.041774,0.043408,0.022414,0.007311,0.00381,0.08002,0.20121,0.018174,0.003556,0.012999,0.00409,0.00193,0.000173,-0.003335,-0.000206,-0.000371,0.001097,-0.000254,-8.2e-05,0.001248,0.00054,-3.5e-05,-0.000871,0.000529,-4.9e-05,0.000636,0.000101,-0.000672,0.002801,0.00899,0.0,-7.3e-05,0.0,0.000675,-0.004939
ST1446,0.041774,0.043408,0.022772,0.008277,-0.007015,0.08002,0.175658,0.005692,0.00152,0.015761,0.007555,0.001497,0.001106,-0.001723,-0.000801,0.000253,-0.000688,0.00031,0.0,0.001762,-0.000369,-4.8e-05,-0.000196,-0.001478,1.6e-05,4.3e-05,0.000903,0.00018,0.002859,0.008898,0.0,-0.000333,-0.000707,0.000464,-0.003087
ST1452,-0.006539,-0.003623,0.004168,0.006188,0.007635,0.002137,0.064305,-0.004294,0.003761,-0.002755,-0.006007,0.000317,0.000531,-0.003514,-0.000291,0.000852,-0.003103,4.2e-05,-6.1e-05,-0.000493,-9.4e-05,0.000433,-5e-06,0.000433,0.000284,-0.000246,0.000329,0.000348,0.00042,0.000183,-0.00568,0.008525,0.012476,8.7e-05,0.001649
ST1465,0.041774,0.043408,0.031123,0.014887,-0.000781,0.10456,0.060357,0.018125,0.005552,0.031886,0.001445,0.001949,0.002822,0.007525,-0.000727,3.3e-05,0.000522,0.000182,-6e-05,0.003122,-8e-06,-0.0005,0.000111,0.00052,-0.00011,-0.000163,-0.000342,0.000249,0.001481,0.002701,0.0,-7.3e-05,0.0,0.001533,0.004415
ST1482,0.041367,0.045606,0.018663,0.003424,0.005147,-0.058049,0.247077,0.008048,-0.000299,0.017184,0.0043,0.04011,0.003505,0.018944,0.001161,-0.002326,0.014947,0.0018,-0.000102,-0.000233,5.8e-05,-0.000456,-4.6e-05,0.0,0.000236,0.000227,-0.000571,0.004677,0.001859,0.088638,0.007702,-7.3e-05,0.006377,0.0,-0.001699
ST1486,0.046001,0.049536,0.03111,0.008666,0.000725,0.078512,-0.025321,0.067536,0.009231,0.066065,0.001378,0.00046,0.000638,-0.000368,-0.000178,0.000407,0.000101,0.000461,0.0,0.00044,0.000696,-0.000156,-0.000406,0.000321,0.000224,-9.6e-05,-6.5e-05,0.008741,0.001829,-0.025722,-0.000596,-7.3e-05,0.0,0.001509,0.009844
ST1495,0.041774,0.043408,0.034478,0.014114,-0.004273,0.075908,0.134508,0.014327,0.000888,0.018506,-0.008789,-0.001691,-0.000192,-0.002882,-0.000303,0.000552,-0.000428,9.5e-05,-6.9e-05,0.002487,-0.00045,0.000116,6.4e-05,0.000687,2.9e-05,-0.000472,0.000409,0.006027,-0.009745,0.007312,-0.000669,-0.000188,0.0,-0.004789,0.000485
ST1503,0.045745,0.055124,-0.049921,0.028893,-0.002609,0.036393,-0.050294,0.022495,0.00028,0.025097,0.000882,-0.00238,-0.003468,-0.00525,-8.8e-05,-4.7e-05,-0.000475,0.000613,-5.6e-05,0.001453,9.1e-05,0.0,0.0,-0.000189,-0.000121,-0.000139,6.2e-05,0.001134,-0.001482,0.030238,-0.000951,-0.000419,0.0,-0.00667,0.006517
ST1507,0.047836,0.049526,0.029213,0.016305,0.001779,0.060416,-0.017052,0.037048,0.010141,0.038884,0.007505,0.001677,0.004718,-0.002547,9.3e-05,0.00073,0.000432,0.001308,0.0,0.000859,0.001056,0.0,0.000583,0.000826,0.000291,0.000598,0.000204,0.002202,0.004126,0.032329,-0.000797,-0.000135,-0.000434,0.001478,-4.2e-05
ST1509,0.041774,0.043408,0.03118,0.013765,0.003479,0.103146,0.072806,0.015846,-0.000733,0.015147,-0.011361,-0.000499,0.001299,0.006482,0.001015,-7.4e-05,-3.8e-05,-0.000323,0.0,0.003267,0.001295,-0.000154,-0.000301,0.000329,0.000443,-5.5e-05,0.001083,-0.001674,0.001448,0.003606,0.0,-0.00012,-6.4e-05,0.001533,0.000263
ST1512,0.041774,0.043408,0.024829,0.013654,0.001603,0.074818,0.237742,0.020529,0.004029,0.029411,-0.00169,0.000459,4.6e-05,0.013815,0.000301,0.00019,0.000638,4e-05,0.0,0.000981,0.000106,0.0,0.0,0.000862,0.000648,2.6e-05,-0.000135,0.004581,0.002615,-0.000358,0.0,-7.3e-05,5.1e-05,0.000848,0.001915
ST1514,0.041774,0.043408,0.023417,0.005991,0.002634,0.080738,0.153305,0.01609,0.002311,0.013967,-0.001461,0.002211,0.000718,-0.000743,0.001004,-0.000347,0.000611,0.000263,9.6e-05,0.002157,-0.000282,0.000377,0.000619,0.001007,0.001,0.000334,-0.000405,6.3e-05,0.002602,0.00878,0.0,-0.00029,-4.8e-05,0.00053,-0.003283
ST1515,0.041774,0.043408,0.026799,0.006544,0.001764,0.074818,0.230608,0.022031,0.002018,0.029521,-0.002424,0.000394,-7.8e-05,0.013815,-0.000286,0.000147,0.000487,-0.00039,0.0,0.000662,0.000186,0.0,-8e-06,0.000992,-0.00057,0.000455,-6e-06,0.003602,0.002615,-0.000358,0.0,-7.3e-05,5.1e-05,0.000848,0.001791
ST1518,0.039764,0.043408,-0.071235,-0.086826,0.000944,0.074186,0.149555,0.007576,0.00146,0.013854,-0.00042,-0.000313,-0.001164,0.001215,-0.00035,-6.6e-05,-0.000355,4e-05,0.0,-0.004677,-0.001226,-0.000465,-0.00023,0.0,-2.8e-05,-0.000632,0.000281,-0.001101,-0.002018,0.005497,-0.000233,-0.000138,-0.000262,-0.010306,0.001598
ST1532,0.041774,0.043408,0.029826,0.01243,0.003218,0.111631,0.064317,0.002707,-0.000299,0.013262,0.004747,0.002577,0.003303,0.007657,0.000382,0.000491,-0.000114,0.000156,-0.00013,0.002339,-0.001177,0.000229,-0.000533,-0.000987,0.000212,-0.000403,-0.000419,-0.002461,0.001695,0.001285,0.0,-0.000223,0.0,0.001235,0.000132
ST1533,0.041976,0.043408,0.022353,0.008903,0.001574,0.074576,0.192951,0.018402,-0.000927,0.030835,-0.002398,-0.0038,0.001715,-0.003104,0.000287,-0.000225,0.000368,0.000968,-0.000362,0.000751,-0.001416,-0.000186,-0.000716,0.000829,0.000989,-0.000197,0.000244,-0.000286,0.003102,0.008537,0.0,0.001562,0.000396,0.001089,0.003199
ST1543,0.041774,0.043408,0.022678,0.0088,0.002127,0.07584,0.199948,0.020734,0.004918,0.031197,-0.002878,-0.000631,0.001735,-0.002974,0.000755,-0.000371,-0.000108,0.000568,0.0,0.001377,0.001057,0.000588,0.00013,0.000627,-0.002695,0.00026,7.3e-05,-0.00053,0.002987,0.008537,0.0,-7.3e-05,-3.1e-05,0.001089,0.004081
ST1553,0.041774,0.043408,-0.071709,0.030458,-0.00211,0.073377,0.071534,0.002188,0.001362,0.01252,-0.002497,-0.002038,-0.004059,0.000487,0.000583,-0.000454,-0.000905,-0.000418,0.000157,0.002738,0.001864,0.000852,-0.000437,-0.000189,0.000225,0.000342,-6.5e-05,-0.002732,0.00073,0.011755,-0.000408,-0.000288,0.0,-0.007856,0.007115
ST1558,0.046355,0.050888,0.029707,0.013075,0.003909,-0.016123,-0.045185,0.02903,0.003114,0.023899,0.01584,0.000835,0.002407,-0.011306,0.00035,0.000582,-0.001232,-0.000195,0.0,0.001269,0.001875,0.000159,-6.5e-05,0.0,0.00034,-0.000609,-0.000195,0.00424,0.003047,0.080457,-0.002334,-0.000135,-0.001028,0.0,0.000151
ST1561,0.041367,0.043408,0.019914,0.011512,0.002679,-0.033709,0.09176,0.013859,0.000709,0.01752,0.000563,-0.002296,0.001172,-0.001071,0.001351,0.000162,-0.000514,0.001003,-0.000121,-0.002173,-0.00064,1.7e-05,0.000601,0.0,-0.000112,0.001282,0.000706,-0.00049,0.002076,0.123822,-0.006161,-7.3e-05,-0.003878,0.0,0.000677
ST1567,0.041774,0.043408,0.020087,0.006338,0.00173,0.076976,0.204067,0.007753,0.001985,0.012611,0.002894,8.5e-05,0.001186,0.014652,-0.000136,-0.001109,0.000217,0.00084,-0.00043,0.000973,0.000616,0.000128,0.000575,-0.000262,0.00029,0.000561,-0.000518,0.001995,0.002562,0.008598,0.0,-0.000128,5.1e-05,0.000544,-0.002729
ST1571,0.041774,0.043408,0.022144,0.007965,0.003148,0.077333,0.177086,0.000222,0.000113,0.015274,0.010125,0.003451,0.000747,-0.001915,-0.001275,-0.00115,0.000706,0.000255,0.0,0.001704,0.000874,0.000227,0.000232,0.001175,0.000726,-0.000228,0.000661,-4e-06,0.002856,0.008878,0.0,-0.000235,-0.000501,0.000714,0.002275
ST1576,0.041774,0.043408,0.031144,0.014589,0.000717,0.10525,0.06515,0.015849,0.000119,0.015875,-0.011785,-0.002845,0.00107,0.008032,-0.000193,0.000391,0.000621,0.00017,0.0,0.003341,0.001231,-0.000316,-0.000414,0.000329,-0.000301,-5.5e-05,-0.00106,2e-05,0.001531,0.003803,0.0,-0.00012,0.0,0.001533,2e-06
ST1582,0.041774,0.043408,0.021235,0.005395,0.001669,0.07605,0.232841,0.000181,0.002136,0.016611,0.002031,0.000347,-0.000264,0.014514,-0.000292,-0.002313,-0.000214,-0.000235,-0.000847,0.000635,-0.00084,-0.000386,-0.000265,0.000968,0.000136,-0.001333,0.000259,-0.000379,0.002553,0.008365,0.0,-7.3e-05,5.1e-05,0.000794,0.001145
ST1583,0.041774,0.043408,0.021384,0.009176,0.001365,0.075177,0.232679,0.005504,0.00027,0.021566,0.000503,0.000436,0.001001,0.013609,-0.000435,0.002848,0.000383,0.00051,-0.000306,0.001062,0.000254,0.000471,0.000254,-0.000857,-0.00046,1.8e-05,5.4e-05,0.002333,0.00276,0.007737,0.0,-7.3e-05,5.1e-05,0.000496,0.001852
ST1587,0.041774,0.043408,-0.072831,0.028321,-0.002747,0.074527,0.098062,0.003435,0.000976,0.014592,-0.003063,-0.002363,-0.003316,0.001054,0.000654,0.000275,-0.000522,-0.000626,-5.6e-05,0.001347,0.001384,-0.001042,-0.000424,0.000771,-0.000556,-0.000784,0.000193,-0.000348,0.001053,0.007995,-0.000452,-0.000274,0.0,-0.010072,0.004562
ST1588,0.041976,0.043408,0.023144,0.009546,-0.00518,0.076445,0.163356,0.00245,0.000735,0.014699,0.010715,0.002709,0.000626,-0.000801,-0.000316,0.000669,-0.0002,0.00031,0.0,0.001473,0.000244,-0.000139,0.000322,-0.001512,0.000211,0.001295,-0.002821,-0.000402,0.002994,0.008248,0.0,0.00329,0.002257,0.000714,0.002625
ST1590,0.041774,0.043408,0.02273,0.007949,0.002818,0.07477,0.191598,0.01776,0.004776,0.021892,-0.002429,-0.000675,-0.000397,-0.002866,8.6e-05,0.000117,9.1e-05,-0.000427,-0.000116,0.000581,6.4e-05,-9e-06,0.001076,0.000734,0.001197,-0.000179,-0.000378,0.000824,0.002978,0.00801,0.0,-7.3e-05,0.0,0.00079,0.001702
ST1599,0.041367,0.043522,-0.07754,0.010741,-0.00073,0.089433,0.117485,0.032287,0.002289,0.040737,-0.002347,-0.001639,0.001504,0.000449,-0.000983,0.001977,-7.5e-05,8.9e-05,0.0,-0.000354,0.000893,-0.000106,-0.000247,0.000499,-0.000724,-0.000602,-5.8e-05,5.1e-05,0.001603,-0.020145,0.0,-0.000138,0.0,0.003016,0.006873
ST1629,0.041774,0.043408,0.02183,0.008465,-0.00611,0.081022,0.160673,0.001753,0.001214,0.011442,0.009176,0.002263,-0.000935,-0.000694,-0.000197,-0.000138,-0.000195,-0.000142,-0.000147,0.002496,-0.000516,-4.8e-05,0.000104,0.001405,4.3e-05,-0.000903,3.6e-05,-0.000135,0.002361,0.009294,0.0,-0.000488,-0.000789,0.000416,-0.003495
ST1632,0.041774,0.043408,0.026891,0.007912,-0.003964,0.076623,0.144805,0.015639,0.001204,0.02018,0.002572,0.001249,-0.000137,-0.000166,0.000559,0.000341,-0.000387,-6e-05,6.6e-05,0.001818,-8.5e-05,-0.000143,-0.000229,0.001947,-0.000397,0.000112,0.000136,-0.000353,0.002959,0.007837,0.0,-0.000188,-8.8e-05,0.000763,0.002016
ST1634,0.041774,0.043408,0.023344,0.004605,0.001537,0.077136,0.241042,0.001114,0.000692,0.011866,-0.003261,-0.00114,0.000642,0.013927,0.00152,0.003376,-3e-05,0.000538,-0.000113,0.000967,6.2e-05,-0.000793,0.000222,0.000783,-0.000164,-0.000816,0.000124,0.001916,0.002317,0.01055,0.0,-7.3e-05,5.1e-05,0.000496,-0.001815
ST1635,0.041367,0.043963,-0.067702,0.013439,-0.000742,0.095117,0.063331,0.02533,0.005338,0.030294,0.006094,0.000675,0.003178,-0.000884,-0.000493,-0.000166,0.000513,-0.000401,0.0,-0.000442,7e-05,-0.000223,-0.000314,-0.000503,3.8e-05,0.000187,-0.000633,-0.002265,0.002122,-0.022899,0.0,-7.3e-05,0.0,0.003095,0.013345
ST1641,0.039966,0.043408,0.021835,-0.088722,-0.000966,0.073476,0.17651,0.001209,0.003562,0.016664,0.000663,-0.001876,-0.000521,8e-06,0.00019,0.0,0.000926,-0.000528,0.0,-0.024478,-0.00013,-0.0001,0.000382,0.0,-0.000304,0.000245,-0.000558,-0.000315,0.002161,0.007693,0.0,0.002594,0.00018,0.001306,0.001329
ST1651,0.041774,0.043408,0.023675,0.007849,-0.006485,0.08002,0.173357,0.017166,0.003301,0.016295,0.002456,-0.000617,0.000337,-0.001378,0.000819,0.000213,0.000114,0.000321,8.1e-05,0.002265,-2.8e-05,-0.000597,0.000204,0.001487,0.00011,-0.000174,0.000803,-9.7e-05,0.002859,0.008786,0.0,-0.000178,-0.000171,0.000493,-0.003757
ST1661,0.041774,0.043408,0.021341,0.007491,0.002283,0.081446,0.189655,0.001613,0.001184,0.014437,0.003002,0.00187,0.000909,-0.003117,-0.001486,0.000611,-0.00048,-5.1e-05,-8.5e-05,0.001862,-0.000688,-0.000138,-0.000318,-0.000612,0.000167,0.000483,-0.000726,-0.00014,0.002851,0.009012,0.0,-0.000235,-0.000669,0.000544,-0.003777
ST1669,0.046001,0.049536,0.031617,0.009721,-0.005561,0.078512,-0.026359,0.066473,0.008928,0.062897,0.002389,0.00046,0.000638,0.000123,-0.000507,0.000651,0.000101,0.000174,0.0,0.001102,0.001017,0.0,0.000582,0.000321,-0.000487,-9.6e-05,0.0,0.008523,0.001829,-0.025939,-0.000596,-7.3e-05,0.0,0.001509,0.009565
ST1673,0.041976,0.043408,0.022838,0.007542,0.003639,0.077128,0.157023,0.002526,0.002064,0.015256,0.012462,0.003496,0.000758,-0.000724,0.000364,-0.00049,0.000426,-0.000287,0.0,0.00207,-2.2e-05,-0.000144,-4.1e-05,0.001527,-0.001237,-0.000703,-0.000192,7e-05,0.002625,0.008685,0.0,0.003247,0.001647,0.000714,0.002113
ST1683,0.041774,0.043408,0.021155,0.009529,-0.005278,0.080505,0.151493,0.007831,0.002827,0.016558,0.001797,0.000911,0.001165,-0.00112,-0.001889,0.000134,-0.000114,-0.000369,0.0,0.002505,-0.000296,0.000189,-0.000325,-0.00117,-0.000315,-0.000198,-0.000113,0.001474,0.002585,0.00876,0.0,-0.000516,-0.000457,0.000464,-0.002256
ST1688,0.041774,0.043408,0.023168,0.005961,0.003406,0.07664,0.195553,-0.001932,-1.9e-05,0.012901,0.012713,0.003039,0.001105,-0.00312,0.000386,-2.1e-05,0.000139,2.1e-05,0.000337,0.001872,-0.000494,0.000509,-0.000424,-0.000743,-0.000292,0.000111,-0.000148,0.000241,0.00369,0.00888,0.0,-0.000235,-0.00067,0.000544,0.002386
ST1692,0.041774,0.043408,-0.087711,0.016817,0.003252,0.080234,0.19129,0.009246,0.000737,0.012316,-0.000919,0.000953,-0.00036,-0.000904,0.000541,-0.000102,-0.000291,-0.000708,0.0,0.00156,-0.000583,-0.000256,-0.000324,0.000747,-0.000844,0.000225,-4e-06,-0.001739,-0.006545,0.001893,-0.000494,-7.3e-05,0.0,-0.008105,0.000126
ST1698,0.041774,0.043408,0.024929,0.007387,-0.003954,0.077791,0.145039,0.001845,0.000805,0.013817,-0.015297,0.000704,-0.000913,-0.000108,0.000312,0.000124,-0.000798,-0.000228,-6e-05,-0.000776,-0.000102,-2.2e-05,0.000151,-0.001406,-0.000469,9.7e-05,-0.000572,-0.001362,0.002926,0.00777,0.0,-0.000688,-0.000329,0.000781,0.001914
ST1708,-0.006539,-0.004403,0.00348,0.007699,0.007332,0.002402,0.072546,-0.006073,0.002378,-0.002856,0.008373,0.000212,0.000234,-0.002259,0.001721,0.000657,-0.002282,-9.8e-05,0.0,0.000597,0.000173,0.000112,-0.000103,0.000415,0.000184,0.000208,0.000969,0.000159,0.00093,0.000382,-0.004914,0.008056,0.012617,8.7e-05,0.001096
ST1710,0.041367,0.043522,-0.076126,0.008156,0.000593,0.082105,0.196432,0.027333,0.008506,0.035529,0.000787,0.001117,-0.000151,0.002355,0.000625,0.001879,-7.4e-05,0.001016,0.0,-0.000166,-0.000751,0.0,0.000446,0.000448,0.000647,-0.001024,1.4e-05,0.002075,0.001737,-0.031433,0.0,-7.3e-05,0.0,0.001855,0.005026
ST1720,0.041367,0.043522,-0.089272,0.009343,0.001527,0.084338,0.170302,0.031736,0.008927,0.04226,0.002214,0.000553,0.000138,0.001048,0.000813,0.001001,0.000282,0.00043,0.0,2e-05,-0.000439,0.00018,0.000181,0.00033,-9.8e-05,0.000661,-0.000148,0.001492,0.001527,-0.024236,0.0,-0.000138,0.0,0.001855,0.00466
ST1721,0.041774,0.043408,0.022215,0.008403,0.000975,0.07477,0.20165,0.017915,0.000516,0.020502,0.003132,0.001706,-0.00075,-0.002614,2.7e-05,-3e-05,-0.00041,0.000146,0.0,0.000505,-0.000486,-0.000159,-0.001604,0.000627,-0.000156,0.000346,5.2e-05,-0.001804,0.003102,0.007771,0.0,-0.000231,0.0,0.000724,0.001433
ST1734,0.041774,0.043408,0.02232,0.008977,0.002501,0.075146,0.216381,0.005999,0.002476,0.019109,-0.006671,-0.001136,0.000987,-0.003134,-0.000152,-0.000255,0.000229,0.000437,-8.2e-05,0.001018,-0.000272,-7.3e-05,-0.000537,-0.000638,-0.000925,-1.4e-05,-0.000313,5.6e-05,0.003118,0.007996,0.0,-0.000128,-5.5e-05,0.000659,0.002865
ST1735,-0.006539,-0.004512,0.004051,0.008875,0.007195,0.003511,0.0906,-0.005207,0.003187,-0.002576,0.00812,0.000138,7.6e-05,-0.004125,0.000884,-9e-05,0.004877,-5.8e-05,0.0,0.00071,-0.000125,0.0,-5e-05,-0.001365,7e-06,0.000273,0.000714,-0.000466,0.000384,0.000153,-0.005034,0.007517,0.011838,8.7e-05,0.000395
ST1739,0.041774,0.043408,0.023545,0.00896,-0.006071,0.07468,0.178088,0.017587,0.002267,0.025433,-0.003684,-0.004357,-5.2e-05,-0.001726,0.000488,0.000672,0.000243,0.000939,0.000258,0.001221,0.000342,0.000305,-0.000441,0.001662,0.000411,2.1e-05,0.000523,0.000211,0.002908,0.008259,0.0,-7.3e-05,-0.000133,0.000608,0.002276
ST1755,0.046355,0.049667,0.031723,0.016819,0.00417,-0.019114,-0.027013,0.028359,0.002859,0.024763,0.013893,0.001484,0.002648,-0.010622,0.001127,-0.000319,0.000198,9.6e-05,0.0,0.000895,0.001268,0.000159,-6.5e-05,0.0,0.000281,-0.000188,-0.000123,0.003542,0.003093,0.08813,-0.001144,-0.000135,-0.001028,0.0,0.000151
ST1759,0.041774,0.043408,0.022143,0.006434,0.002358,0.08002,0.181951,0.018684,0.004228,0.014931,-0.000371,0.002217,0.000152,-0.002484,0.000447,9.2e-05,7.3e-05,0.001023,-1.7e-05,0.000382,-0.000204,-0.000493,0.000723,0.000718,-0.000226,0.000113,-0.000814,-0.000506,0.002868,0.008941,0.0,-0.000129,-8.5e-05,0.00064,-0.004714
ST1763,0.041774,0.043408,0.021877,0.007999,0.001436,0.075921,0.200111,0.019939,-0.000548,0.019878,0.005543,0.001801,-0.001795,-0.003031,-0.000605,0.000118,-0.00029,0.000267,0.0,0.000482,-0.000561,0.000275,-0.001725,0.000627,-0.000548,-0.000349,0.000532,-0.001335,0.003102,0.007909,0.0,-0.000231,-8.5e-05,0.001022,0.001526
ST1767,0.041774,0.043408,0.021404,0.006139,0.002802,0.081446,0.20911,-0.000354,0.002114,0.012535,-0.000451,0.002985,0.00158,-0.002796,-0.000676,-0.000384,-0.000411,-0.000785,-6.3e-05,0.001138,-0.000349,0.000168,-0.001373,-0.000587,-0.000355,0.000637,0.000228,-0.001864,0.002851,0.008991,0.0,-0.000179,-0.000261,0.000611,-0.003852
ST1769,0.041976,0.043408,0.022799,0.009886,-0.005143,0.077184,0.16151,0.004047,0.001262,0.01531,0.009096,0.001876,0.000626,-0.000683,-0.001186,-0.000365,-0.000141,-0.00089,0.0,0.002286,-9.5e-05,3.7e-05,0.000196,-0.001481,0.000167,0.001242,-0.002839,0.000321,0.002625,0.008655,0.0,0.00329,0.002142,0.000714,0.001963
ST1782,0.039764,0.043408,0.023651,-0.091955,-0.000473,0.075726,0.18031,0.009767,0.004503,0.014152,0.0025,0.000911,0.001883,-0.000408,0.000136,-4.8e-05,-0.00123,-0.000566,0.0,-0.024566,-1.5e-05,0.000115,0.000222,0.0,8.4e-05,-0.000236,-0.000236,-0.001421,0.001848,0.007598,0.0,-0.000138,0.0,0.000812,-0.003205
ST1796,0.041367,0.043408,0.020061,0.003113,0.00565,-0.056805,0.247596,0.010734,0.001373,0.019342,0.005231,0.036537,0.003505,0.017663,-0.000963,0.001015,0.013198,0.001346,0.000104,-0.000701,-0.000319,0.000227,0.000266,0.000209,0.001101,-6.9e-05,0.001186,0.006631,0.002103,0.085668,0.007482,-7.3e-05,0.005322,0.0,0.001408
ST1808,0.041976,0.043408,0.027274,0.008615,-0.003336,0.080859,0.129757,0.003887,0.001784,0.019745,0.007117,0.001497,0.001619,-0.00015,0.000186,-5.6e-05,-0.000606,0.000117,0.0,0.002467,0.00179,-0.000204,7.9e-05,0.003092,0.000922,-0.000277,-0.000415,0.000364,0.0028,0.007688,0.0,0.003744,0.000707,0.000714,0.002049
ST1817,0.041367,0.043522,-0.118199,0.008344,-0.000229,0.086648,0.191487,0.025945,0.005224,0.035096,-0.000494,-0.001238,-0.000151,0.00025,-0.0001,-0.001775,-3.3e-05,-5.4e-05,0.0,0.000111,-0.00054,0.0,0.0,0.000448,-9.4e-05,-0.000148,0.0,-0.013519,0.001084,-0.031846,0.0,-7.3e-05,0.0,0.001855,0.004203
ST1819,0.041774,0.043408,0.037296,0.018032,-0.004332,0.067683,0.066049,0.00831,-0.000621,0.017359,0.00019,-0.000977,-0.002958,9.9e-05,6.7e-05,0.000293,-0.000348,-0.000221,1.2e-05,0.001357,-0.000555,-7e-05,-0.000387,-0.000473,-0.000206,0.00027,0.000422,0.003659,-0.002731,0.027201,-0.0011,-0.000348,-0.000837,-0.003771,-0.001353
ST1835,0.041774,0.043408,0.027494,0.00796,-0.003934,0.084526,0.127024,0.007932,0.002021,0.017305,0.003548,0.000578,0.001342,-0.000434,0.001488,-0.000501,-0.000392,-0.00053,0.000285,0.002721,7.3e-05,-1e-05,-0.000324,-0.001722,0.000878,7e-06,9.4e-05,0.001193,0.002837,0.008218,0.0,-0.000391,-5.6e-05,0.000908,-0.003187
ST1839,0.044879,0.0455,0.015426,0.015356,0.00404,-0.024377,-0.024608,0.025515,0.002954,0.021987,0.006179,-0.000182,0.002377,-0.010366,-7.2e-05,-0.00063,0.001453,0.000154,0.0,0.001583,0.000563,0.000168,0.000225,0.0,-0.000263,-6.8e-05,-0.000562,-0.002499,0.001306,-0.005775,0.002796,-0.000135,0.001037,0.0,-0.000852
ST1848,0.041976,0.043408,0.031012,0.012988,0.003349,0.099667,0.086847,0.014289,-0.00017,0.032434,0.00112,-0.000506,9.7e-05,0.001828,0.000991,0.000305,0.000504,0.00062,0.0,0.003235,-0.000167,0.000467,0.000165,0.000847,-0.000372,-0.000407,0.001653,3.3e-05,0.00258,0.003113,0.0,0.005865,0.0,0.001684,0.002925
ST1859,0.041774,0.043408,0.023278,0.021042,0.001865,0.075171,0.159742,0.014287,0.001425,0.020902,0.006194,0.003992,0.000461,-0.000702,0.000437,-7e-06,0.0009,-8.2e-05,0.000162,-0.022142,-0.000489,-8.6e-05,-0.000296,0.001205,-3e-05,-0.000244,-0.000258,-0.000272,0.008369,0.008602,0.0,-0.000138,0.0,0.00044,0.002266
ST1860,-0.006539,-0.004116,0.004115,0.007926,0.007146,0.005132,0.090233,-0.008809,0.000406,-0.002172,0.00816,0.00023,0.000236,-0.003793,0.001008,0.00049,0.004884,0.001031,0.0,0.000261,0.000246,0.0,-5e-05,-0.001598,3.3e-05,-0.000409,0.000135,-0.000349,0.000438,0.000129,-0.004886,0.007953,0.012213,8.7e-05,0.000395
ST1864,0.048655,0.0513,0.024731,0.015987,0.000373,0.064263,-0.025978,0.02053,0.003097,0.020013,-0.005704,-0.001598,0.003884,-0.004087,-0.000628,0.000138,0.000502,0.00029,0.0,0.000514,0.000336,0.000247,-0.000313,0.000938,-8.3e-05,0.000145,-7.7e-05,0.002996,0.001694,0.036571,-0.000911,-0.000222,-0.000397,0.001211,-0.0001
ST1867,0.041367,0.043522,-0.078429,0.008641,0.001296,0.08494,0.149865,0.029806,0.007616,0.039593,0.002703,0.000696,0.000624,0.001385,0.001745,0.002364,-0.00024,0.000758,0.0,-0.001405,-0.000236,-0.000352,-5.4e-05,0.000659,-9e-05,-0.000681,0.000307,0.001528,0.00189,-0.02262,0.0,-0.000138,0.0,0.00264,0.004862
ST1876,-0.006539,-0.003944,0.004743,0.00745,0.007409,0.002402,0.088276,-0.005766,0.00301,-0.002395,0.008702,0.00033,0.000392,-0.003762,0.001167,0.000235,0.00479,0.000266,0.0,0.000591,2e-06,0.0,-5e-05,0.00067,0.000162,0.000175,0.001078,0.000413,0.000636,0.00023,-0.005116,0.007315,0.012402,8.7e-05,0.000802
ST1884,0.041774,0.043408,-0.091908,0.01042,-9.6e-05,0.076839,0.192694,0.021004,-0.000443,0.034259,-0.000417,-0.000389,-0.000151,-0.000171,-0.000362,-0.001018,-0.000346,0.00075,0.0,6.5e-05,0.001112,6.8e-05,-9.5e-05,0.000747,-0.000717,0.000353,1.4e-05,0.000929,0.002783,-0.001239,0.0,-7.3e-05,0.0,0.001001,0.00272
ST1889,0.041774,0.043408,0.023678,0.007562,-0.006572,0.081022,0.16151,0.001374,-0.000738,0.009215,0.002019,0.002091,-0.000446,-0.001125,1.3e-05,-6.5e-05,-0.000325,0.000168,0.000198,0.001455,0.000306,-4.6e-05,-3.1e-05,-0.001247,0.001259,-0.000491,0.000131,0.001208,0.002361,0.00944,0.0,-0.000388,-0.000704,0.000416,-0.002809
ST1900,0.041774,0.04385,0.031249,0.014955,0.003404,0.105688,0.059443,0.002395,0.001203,0.015255,-0.007766,-0.002349,-0.000526,0.005606,0.000237,-9.4e-05,-0.000265,1e-05,-3.2e-05,0.000789,0.000619,0.000122,0.000285,0.000222,-0.000253,-0.000217,-0.000956,8e-06,0.00238,0.004296,0.0,-0.000513,-6.4e-05,0.001533,-0.000714
ST1901,0.039764,0.043408,-0.059026,-0.073593,-0.001174,0.062997,0.091956,0.012536,0.001444,0.020171,-0.001589,0.000327,-0.004837,0.000761,-0.000534,-0.000557,0.00028,0.000222,-0.000105,-0.005561,-0.000432,0.0,0.000174,0.0,-0.00029,0.000694,-9.9e-05,-0.002665,0.000109,0.016018,-0.000205,-0.000135,0.0,-0.006576,0.005684
ST1936,0.041774,0.043408,0.025003,0.008832,-0.005857,0.076467,0.157257,0.018675,0.001228,0.036667,-0.000194,-0.000309,0.001063,-0.000568,1.3e-05,-0.000202,-0.000118,0.000228,0.000331,0.001947,0.001772,-0.000156,8.2e-05,0.001422,-0.000516,-8.6e-05,0.000432,-0.000114,0.002728,0.008299,0.0,-0.000138,-0.000137,0.000829,0.002759
ST1942,0.041774,0.043408,0.023583,0.004096,0.001757,0.073161,0.2326,0.018063,0.00468,0.026347,-7.1e-05,0.0005,0.000878,0.013855,0.00044,0.000134,6.1e-05,0.0,0.0,0.000722,0.000739,0.0,0.0,0.000968,0.002387,-0.000527,0.000435,0.00263,0.002376,0.008957,-0.000309,-7.3e-05,5.1e-05,0.000549,0.001084
ST1943,0.041774,0.043408,0.024955,0.009235,-0.005921,0.075157,0.165465,0.017774,0.001684,0.025504,-0.006896,-0.005011,0.000434,-0.000845,0.000827,0.000404,-0.000872,0.000379,0.000652,0.002431,-0.000547,0.000366,-0.000547,0.001872,-0.000969,0.000306,0.000187,-9.6e-05,0.002749,0.007678,0.0,-0.000188,-4.9e-05,0.00053,0.001925
ST1947,0.041367,0.043522,-0.078795,0.009045,0.00107,0.08494,0.15246,0.031592,0.008741,0.042689,0.002607,0.000804,0.000624,0.001215,0.001475,0.002308,0.000319,-0.000733,0.0,0.000354,0.000487,-0.000201,0.000119,0.000659,0.000457,0.00072,-0.000148,0.001702,0.001536,-0.022505,0.0,-0.000138,0.0,0.002252,0.004862
ST1961,0.04828,0.0513,0.025025,0.015765,0.00059,0.061712,-0.013617,0.019696,0.000992,0.018149,-0.006135,-0.00182,0.003687,-0.003842,-0.000413,0.000149,-0.000436,1.9e-05,-0.000183,0.001287,-6.8e-05,8.9e-05,-0.000556,0.000938,-0.000242,0.000145,4.8e-05,-0.000271,0.001902,0.037413,-0.001007,-0.000222,-0.000627,0.001211,-0.0001
ST1964,0.039764,0.043408,-0.058324,-0.064246,0.000991,0.06678,0.094241,0.005806,0.0017,0.016078,0.000348,0.000286,-0.005477,0.000733,0.003084,-0.000498,-0.000746,-0.000124,0.000454,-0.000311,-9e-05,-0.000349,0.000347,0.0,0.00014,0.001849,-0.000318,-0.000824,-0.006941,0.015334,-7.1e-05,-0.000315,0.0,-0.007385,0.006157
ST1965,0.041367,0.043522,-0.120734,0.007681,-0.000229,0.086648,0.190597,0.022787,0.003295,0.030383,-0.000475,-0.001138,-0.000151,0.000501,-0.0001,-0.002012,-0.000651,0.000288,0.0,4.9e-05,0.00016,9.5e-05,9.9e-05,0.000448,-9.4e-05,0.000102,4.8e-05,-0.014598,0.001084,-0.032274,0.0,-7.3e-05,0.0,0.001855,0.004203
ST1975,0.041774,0.043408,0.021564,0.0053,0.003486,0.08002,0.192714,0.007599,0.004782,0.01317,0.002313,0.002352,0.000908,-0.003013,0.000531,-0.000132,0.000634,0.000165,-0.000183,-0.000154,0.000347,0.000348,0.000988,-0.000785,-0.000119,-0.000381,-0.000108,-0.000442,0.002888,0.009012,0.0,-0.000179,-0.000369,0.000593,-0.00402
ST2002,0.039764,0.043408,0.023741,-0.09302,0.000128,0.069264,0.2012,0.011273,0.003329,0.020608,0.003085,0.000274,0.001764,0.003624,0.000381,0.000554,0.001171,7.5e-05,0.0,-0.013217,0.00035,0.000244,-0.001,0.000118,8.4e-05,0.000387,0.000227,0.000603,0.002425,0.007459,0.0,-7.3e-05,0.0,0.001107,0.0018
ST2008,0.041774,0.043408,-0.09332,0.013254,0.000156,0.076631,0.16195,0.02629,-0.002164,0.036916,0.000156,0.000328,-0.000752,0.000144,-0.0013,-2e-05,-0.0006,-0.001889,0.0,0.000395,0.000697,-0.00036,0.000879,0.001025,-0.000501,-0.000392,0.000382,-0.000411,0.002722,-0.001914,0.0,-0.000138,0.0,0.001478,0.002556
ST2017,0.041774,0.043408,-0.093553,0.011127,-7.9e-05,0.077317,0.191974,0.025966,0.00898,0.037097,-0.000234,-0.000355,-0.000286,0.000214,-0.000308,0.001478,9.5e-05,0.001813,-9.8e-05,0.001047,0.000569,0.0,0.000115,0.000541,0.001041,0.000102,7e-05,0.000108,0.002837,-0.001542,0.0,-0.000138,0.0,0.001379,0.002459
ST2064,0.041774,0.043408,0.025752,0.007656,0.002124,0.084683,0.126731,0.014892,0.002681,0.015435,0.001912,0.001762,0.000587,-0.000598,0.002213,0.000185,-0.000566,-0.000317,8.2e-05,0.002392,0.001183,5.4e-05,-6.2e-05,0.001449,0.000414,-0.00069,-0.000232,0.001955,0.002663,0.007742,0.0,-0.000407,-4.8e-05,0.000519,-0.002963
ST2065,0.041774,0.043408,0.021856,0.004978,0.003436,0.08002,0.200696,0.018812,0.004493,0.014388,0.004489,0.001698,0.000253,-0.003335,0.000378,-0.000189,0.000586,-6.2e-05,-1e-06,0.001165,0.000556,0.000264,-0.001224,0.000529,7e-05,0.000207,6e-05,-0.000901,0.002801,0.008914,0.0,-7.3e-05,0.0,0.000675,-0.004939
ST2078,0.041774,0.043408,0.022655,0.004615,0.001808,0.074028,0.211751,0.005946,0.00211,0.021969,0.000451,0.000111,0.000944,0.014366,-6.2e-05,-0.000895,-0.001339,-0.000675,-3.9e-05,0.000827,0.000828,-4.5e-05,-4.3e-05,-0.000555,-0.000903,3.1e-05,-0.000286,0.001741,0.002852,0.007685,0.0,-7.3e-05,5.1e-05,0.000496,0.00142
ST2088,0.041774,0.043408,-0.093141,0.011437,0.001144,0.077321,0.173866,0.026917,0.000937,0.037941,-0.001457,-0.000832,-0.000279,4.5e-05,-0.001158,-0.000714,-0.000446,0.000879,0.000111,0.000344,0.000113,2.2e-05,-0.000436,0.000629,0.000124,5e-05,0.000136,0.000461,0.002792,-0.002418,0.0,-0.000138,0.0,0.001379,0.002556
ST2096,0.041774,0.043408,0.026416,0.00983,-0.003683,0.079392,0.13009,0.001757,0.00085,0.011857,0.007777,0.000183,-0.000518,0.000398,0.000303,-0.000497,0.000102,2.7e-05,-0.000143,0.003011,-0.000669,7.7e-05,0.00017,0.002171,1e-06,0.000795,-2e-06,-0.000684,0.002409,0.013709,-0.000175,-0.000596,-0.000273,0.000859,-0.002812
ST2106,0.04749,0.050645,-0.055231,0.018115,-0.000735,0.051713,-0.024496,0.017891,-0.001299,0.015882,-0.00161,0.001025,0.006071,-0.003742,0.000477,-0.000275,-0.000244,-0.000204,0.0,0.000202,0.000118,4.4e-05,-9.5e-05,0.00017,0.0,0.000446,0.000212,0.003005,0.002294,0.035282,-0.00071,-0.000126,0.0,0.00264,-0.001959
ST2110,0.041774,0.043408,0.026135,0.008664,-0.005062,0.076467,0.15533,0.018309,0.001241,0.032212,0.00136,-0.00031,0.001029,-0.000568,0.000795,-0.000373,-0.000546,0.000301,0.000266,0.001869,0.001497,-0.000156,-4.9e-05,0.001422,9.9e-05,0.000282,-0.00018,0.00045,0.002728,0.008299,0.0,-0.000138,-0.000137,0.000829,0.00286
ST2118,0.041367,0.043522,-0.079158,0.009684,0.001499,0.088884,0.121858,0.032534,0.00178,0.039745,0.002749,0.000968,0.001165,0.000455,0.001592,-0.000103,0.000335,-0.000398,0.0,-0.000845,0.000222,-0.000484,6.4e-05,0.000659,-0.000609,-8.1e-05,-0.000162,5.7e-05,0.001603,-0.019787,0.0,-0.000138,0.0,0.003221,0.006873
ST2133,0.041774,0.043408,-0.084735,0.020747,-0.004199,0.082683,0.158597,-0.004808,-4.7e-05,0.009507,-0.001098,-0.001753,-0.001083,1e-06,0.000477,-0.000239,-0.000167,-0.001115,0.000129,0.001284,0.000479,0.000343,7e-05,-0.001673,-0.001496,-0.000458,-0.000501,-0.000982,-0.006413,0.001713,-0.000494,-0.000138,0.0,-0.008491,0.000721
ST2137,0.039764,0.043408,0.029684,-0.086692,0.000105,0.077123,0.152961,0.014346,0.004727,0.022621,0.001109,0.000835,0.000612,-8.7e-05,-0.000621,-0.000111,0.001181,-0.000156,0.0,-0.021097,-0.000343,-8.6e-05,-7.5e-05,0.000123,-0.000149,0.000535,0.000142,0.000563,0.002262,0.005919,0.0,-0.000138,0.0,0.001439,0.002778
ST2150,0.041774,0.043408,0.022164,0.006797,0.002915,0.077333,0.177894,-5.6e-05,0.000648,0.014518,0.009912,0.003945,0.000796,-0.002159,0.00141,0.000274,0.000839,-0.000129,0.0,0.001295,0.000793,-1e-06,8.1e-05,0.001175,0.000381,-0.000475,-0.001047,-0.000606,0.002856,0.008789,0.0,-0.000235,-0.000501,0.000743,0.002278
ST2153,0.043731,0.04657,-0.050747,0.03004,0.003172,0.042715,-0.028443,0.022674,0.000763,0.023094,0.002257,0.002101,-0.003123,-0.005822,0.000144,4e-05,-0.000622,0.00036,-5.6e-05,0.001661,-0.000235,-0.000125,-0.000353,-0.00042,0.000125,0.000274,0.0,0.001513,-0.000592,0.02824,-0.000926,-0.00039,-0.000158,-0.006821,0.006774
ST2163,0.043092,0.049147,-0.054769,0.011641,-0.001093,-0.019229,-0.033039,0.040342,0.00063,0.054167,0.000599,-1.7e-05,0.004712,0.000963,9e-06,0.000121,-0.000367,0.000379,0.0,-0.000243,0.00028,0.000542,-0.000334,0.0,0.000434,-0.00057,0.0,0.00288,0.001389,0.058179,-0.001137,-0.000104,-0.000505,0.001844,0.008575
ST2176,0.041774,0.043408,-0.07121,0.030827,-0.001857,0.073018,0.077652,0.00125,0.000874,0.012155,-0.001375,-0.001792,-0.004059,0.000715,-0.000731,0.000103,-0.000528,-0.00026,9.3e-05,0.002559,0.001963,-0.001529,0.000394,-0.000189,-5.1e-05,0.000331,-0.000205,-0.003034,0.001015,0.011895,-0.000408,-0.000288,0.0,-0.007981,0.006412
ST2198,0.041774,0.043408,-0.07863,0.023022,0.001112,0.075866,0.131293,0.010066,0.001968,0.023817,-0.002292,0.000792,-0.001551,5.6e-05,0.000264,-0.000191,0.000779,0.00048,0.000119,0.000747,-0.000144,0.000155,3.7e-05,0.000931,0.0004,-0.000318,-0.000135,-0.000849,-0.001485,0.001287,-0.000215,-0.000138,-0.000262,-0.010937,0.000422
ST2205,0.041774,0.045606,0.022508,0.007316,0.002644,0.079395,0.195165,-0.001685,-0.005039,0.011835,-0.009589,-0.001976,-0.000378,-0.004175,0.000325,0.000385,0.0005,0.000283,0.0,0.001762,-0.000375,-0.000307,0.000135,-0.000814,-0.000239,3.8e-05,0.00066,-0.000119,0.002135,0.010346,0.0,-0.000511,-0.001005,0.000652,-0.002786
ST2215,0.041774,0.043408,-0.083202,0.010112,0.000489,0.074889,0.130329,0.027513,0.000782,0.039544,-0.002074,-0.001956,0.000845,0.000406,0.000865,-0.001509,-8.6e-05,3.2e-05,0.000129,-0.000623,7e-06,0.000506,-0.000157,0.001284,-0.000184,-7.1e-05,1.7e-05,0.001233,0.003329,-1.1e-05,0.0,-0.000138,0.0,0.003387,0.003537
ST2217,0.041774,0.043408,-0.096075,0.01042,0.00063,0.075885,0.217639,0.023864,0.000935,0.036077,0.000646,0.000524,-0.000151,0.004,2.3e-05,-0.001225,-0.000135,0.000482,0.0,0.000334,0.000429,0.0,0.0,0.000448,-0.000325,9.9e-05,7e-05,0.001251,0.003012,0.000289,0.0,-7.3e-05,0.0,0.001912,0.002155
ST2224,0.041976,0.043408,0.023759,0.007789,0.001838,0.074576,0.171691,0.018308,0.002004,0.033422,-0.002986,-0.003511,0.001686,-0.002018,0.000527,9.2e-05,-0.000132,-0.000604,0.000139,0.000861,-0.000875,0.00021,0.000453,0.001175,0.000468,0.000345,4.9e-05,0.000388,0.002743,0.008468,0.0,0.001562,0.0,0.000906,0.003211
ST2225,0.041774,0.04385,0.03312,0.015632,0.000129,0.067896,0.04724,0.022293,0.003823,0.020219,0.004958,0.000671,0.003358,-0.002211,0.000389,-0.000458,-0.000948,0.000616,0.0,0.002325,0.000862,-0.00054,0.000534,0.000125,-0.000291,0.000307,0.000481,0.0006,0.002682,0.037355,-0.000604,-7.3e-05,-0.000654,0.001235,0.000656
ST2229,0.041774,0.043408,0.029926,0.013674,0.004332,0.107013,0.072612,0.015982,0.006277,0.025135,0.002934,0.000331,0.004109,0.00641,-0.000629,0.000137,-0.000888,-0.000201,0.0,0.003541,-6.3e-05,1.6e-05,0.00013,0.000748,0.000292,-0.000799,5.9e-05,4.2e-05,0.001842,0.002156,0.0,-0.000177,0.0,0.001235,-0.000174
ST2239,0.041774,0.043408,0.020527,0.008868,0.001191,0.076976,0.235661,0.014032,0.003958,0.014035,0.000658,-0.000168,0.000842,0.013718,0.000827,0.002359,0.0005,-0.000359,0.000754,0.001225,0.000946,0.000109,-0.0003,-0.000588,-0.000491,-0.000218,0.000304,0.001842,0.002538,0.008705,0.0,-7.3e-05,5.1e-05,0.000496,-0.002556
ST2251,0.041367,0.043522,-0.077246,0.013456,0.000458,0.089433,0.117367,0.016833,0.004179,0.025065,-0.001696,-0.001092,0.001343,0.0001,-0.000656,0.000229,0.002043,0.000263,0.000119,0.000228,5e-05,5.9e-05,-0.000378,-0.00071,0.00053,1.7e-05,-0.000209,0.000199,0.001864,-0.020145,0.0,-0.000138,0.0,0.003601,0.006873
ST2253,0.041774,0.043408,-0.079626,0.022211,-0.003832,0.082929,0.149019,-0.001646,0.002321,0.00915,-0.000567,-0.001895,-0.001083,0.000385,0.000247,6.4e-05,-0.000696,0.001461,-3.8e-05,0.001191,-0.000601,-0.000467,7e-05,-0.001387,0.001577,0.000295,0.000388,0.000451,-0.005059,0.000937,-0.00039,-0.000138,-0.000262,-0.010183,0.000126
ST2255,0.041774,0.04385,0.031136,0.015007,0.004623,0.068571,0.05347,0.01922,0.00494,0.019691,0.004909,0.001402,0.002628,-0.002155,-0.000303,0.000201,-0.000731,0.000148,0.0,0.002087,-0.000548,0.00018,-0.000538,0.000263,0.000465,-0.000762,-0.000453,0.000687,0.002445,0.037516,-0.000604,-7.3e-05,-0.000807,0.001235,0.00066
ST2257,0.041774,0.043408,0.029805,0.00995,0.00411,0.09709,0.098442,0.010813,0.00312,0.014873,0.004505,0.002439,0.002122,0.001136,0.001038,0.00096,-0.001116,0.000288,0.000137,0.003635,-0.000149,0.000312,-0.000336,0.001057,-1.8e-05,-0.000233,-2.6e-05,0.000236,0.002358,0.002758,0.0,-0.000454,0.0,0.00144,-0.001904
ST2281,0.041774,0.043408,0.021953,0.002853,0.000575,0.074818,0.227995,0.022208,0.000594,0.029861,0.003896,0.000561,7.5e-05,0.012982,0.000578,0.000577,-1.3e-05,0.00018,7.6e-05,0.000577,0.000318,0.000151,0.000163,0.000978,-0.000808,8.6e-05,-9.3e-05,0.002058,0.002615,0.008202,0.0,-7.3e-05,-2.8e-05,0.000848,0.001791
ST2292,0.041774,0.043408,-0.077271,0.026472,-0.00274,0.075735,0.117346,0.006518,0.002631,0.024283,-0.002831,-0.001704,-0.003781,6e-05,5.8e-05,0.000202,-0.00063,0.000283,-3e-06,0.001138,-0.000541,-0.001154,0.000182,0.000771,0.000269,1.2e-05,-0.000676,-0.000709,0.000584,0.003995,-0.000117,-0.000211,0.0,-0.010072,0.001029
ST2297,0.041774,0.045606,0.021894,0.008219,0.002397,0.079949,0.156862,0.001525,-0.002916,0.011636,-0.011107,-0.000605,-0.000837,-0.001065,0.000386,0.000277,-0.000416,-0.000524,-0.00016,0.002055,0.000305,-0.00037,-0.000136,-0.001081,0.000206,0.000967,-0.00033,-0.001584,0.001882,0.009919,0.0,-0.000388,-0.000697,0.000523,-0.001367
ST2300,0.041774,0.043408,0.023047,0.007877,0.003141,0.077811,0.160056,8.6e-05,0.001301,0.01608,0.009771,0.004477,0.001024,-0.000947,0.000501,-0.000214,0.000228,-0.000259,0.0,0.002026,-0.000153,-0.000274,6.6e-05,0.001312,-0.000617,-0.000282,-7.1e-05,-1.1e-05,0.002647,0.008343,0.0,-0.000396,-0.00065,0.000714,0.002157
ST2320,0.041976,0.043408,0.02275,0.007464,0.001313,0.074576,0.182865,0.018906,0.001931,0.031288,-0.002552,-0.003263,0.00192,-0.002588,4.9e-05,0.000296,-0.000199,0.000198,-9.4e-05,0.000933,-0.000996,0.000617,-0.000891,0.000904,0.000562,0.000241,0.000162,-0.000128,0.00284,0.008633,0.0,0.001562,0.0,0.000987,0.003727
ST2326,0.041774,0.045606,0.021679,0.008842,0.002431,0.079395,0.207752,-0.001564,-0.004041,0.011857,-0.008633,-0.002267,-0.000196,-0.004175,-0.000927,-0.000827,0.000125,0.000299,0.0,0.002254,-4e-06,0.000119,0.000463,-0.000625,-0.000151,-6.7e-05,-0.001702,2.5e-05,0.002135,0.010792,0.0,-0.000247,-0.000495,0.000652,-0.003
ST2329,0.047836,0.051448,0.025354,0.017402,-0.00272,0.099705,-0.014071,0.021341,5.4e-05,0.01983,-0.004954,0.001029,0.003669,0.002563,0.000951,0.000361,0.000292,0.000547,-0.000103,0.001556,-0.002137,-0.000281,0.0,0.001432,-4.2e-05,-0.000781,0.000576,0.002954,0.002964,0.009485,-0.00071,-0.000222,-0.000297,0.001509,0.000415
ST2338,0.041774,0.043408,-0.091392,0.01039,-7.9e-05,0.077317,0.191242,0.027157,0.008561,0.039316,-0.000915,-0.000402,-0.000151,0.000214,0.000521,-0.001014,-0.000163,0.000344,-9.8e-05,0.000492,-0.000564,0.0,9.9e-05,0.000541,0.000732,-0.000358,0.000128,-0.000152,0.002938,-0.001687,0.0,-0.000138,0.0,0.001459,0.002459
ST2345,0.041774,0.043408,0.021686,0.004486,0.00125,0.07605,0.231005,0.001054,0.001843,0.015435,0.000835,0.000115,-4e-06,0.014164,0.00244,0.001752,8e-05,0.000178,-0.000876,0.001372,0.000823,-0.000525,0.000327,0.001098,0.001145,0.000273,5.9e-05,0.001799,0.002553,0.008469,0.0,-7.3e-05,5.1e-05,0.000794,0.001036
ST2347,0.041774,0.043408,0.021051,0.006188,0.003975,0.08002,0.185207,0.005193,0.004266,0.014553,-0.001492,0.002565,0.001122,-0.00271,-0.001305,0.000659,3.1e-05,-0.000426,0.0,0.000186,0.00051,0.0002,0.000646,-0.000755,-0.000283,0.000493,-0.001024,-0.000283,0.002888,0.00912,0.0,-0.00024,-0.000227,0.000611,-0.004111
ST2377,0.047836,0.049526,0.030486,0.016921,0.001661,0.061085,-0.025965,0.03602,0.008299,0.03753,0.00825,0.001057,0.004718,-0.002457,-7.6e-05,-0.001375,0.000764,-0.001077,0.0,-0.005191,0.000995,0.000159,0.000413,0.000826,3.2e-05,0.000156,0.000204,0.002776,0.005053,0.031734,-0.000797,-0.000135,-0.000205,0.001478,0.000143
ST2379,0.041774,0.043408,0.022191,0.007217,0.002396,0.07982,0.207455,-0.001671,-0.002249,0.011472,-0.009019,-0.00178,0.000202,-0.004357,0.000148,8.2e-05,-0.000796,0.000299,0.0,0.000679,0.000438,-5.8e-05,-0.00017,-0.000467,-0.00027,8.1e-05,-0.001312,0.001774,0.002135,0.009875,0.0,-0.000247,-0.000522,0.000652,-0.002805
ST2380,0.041367,0.043408,0.018406,0.004067,0.005106,-0.059024,0.253886,0.00993,0.001603,0.017837,0.005329,0.039362,0.00368,0.020478,-0.000434,0.001076,0.014122,0.001544,2.8e-05,0.000171,-0.000207,0.000227,0.000981,0.000114,0.001209,-1.3e-05,0.000644,0.005143,0.001859,0.088981,0.007482,-7.3e-05,0.006007,0.0,-0.00151
ST2384,0.041976,0.043408,0.026888,0.019299,0.000113,0.07688,0.122662,0.013229,0.000741,0.02769,-0.006959,0.000183,0.001033,-0.000939,-0.000254,-0.000109,-0.000485,-0.000327,0.000251,-0.023127,-0.00081,-0.00048,-5.4e-05,0.001362,7.7e-05,-0.000346,-0.000635,0.001396,0.006224,0.007647,0.0,0.002595,0.000194,0.001294,0.003139
ST2390,0.041774,0.043408,0.022498,0.007826,0.003238,0.074689,0.201592,0.016804,0.002336,0.020497,0.007024,0.001484,-0.000282,-0.003079,-3.8e-05,0.000377,-7.2e-05,-0.000106,8.4e-05,0.000955,-1.9e-05,-0.000245,-0.000795,0.000627,-0.000175,-0.000223,-0.00031,0.000678,0.003615,0.00949,0.0,-7.3e-05,0.0,0.000724,0.001198
ST2399,0.041774,0.043408,0.022429,0.008185,0.003184,0.074689,0.199015,0.016403,0.001081,0.02012,0.0051,0.001388,-0.000454,-0.003079,0.000527,0.00026,-5e-05,-0.000123,8.4e-05,0.001121,8e-06,-0.00047,-0.001147,0.000627,-0.000282,1.8e-05,0.000637,-0.000995,0.003615,0.009693,0.0,-7.3e-05,-3.1e-05,0.000724,0.001318
ST2402,0.041774,0.045606,0.02225,0.009222,-0.004214,0.080018,0.144624,0.001435,-0.001765,0.009262,0.005269,0.00067,-0.000523,-0.0002,0.001199,-0.000428,-0.000452,-0.000167,0.000419,0.002418,-0.000101,-1.6e-05,-3.3e-05,-0.001235,-0.000239,0.000125,0.000791,-0.001392,0.002283,0.011071,0.0,-0.000583,-0.000435,0.000416,-0.002967
ST2404,0.041569,0.043408,0.022183,0.006768,0.004163,0.076277,0.166301,-0.000448,0.000522,0.015107,0.011179,0.003446,0.000874,-0.001164,0.000891,-0.000894,0.000154,-0.000144,0.0,0.001639,-0.000104,4.8e-05,-4.1e-05,0.00143,-0.00062,-0.000928,0.001101,-4.4e-05,0.002821,0.008797,0.0,0.002238,0.001265,0.000714,0.002798
ST2405,0.047836,0.051448,0.023122,0.016726,-0.002955,0.101529,-0.024291,0.022003,0.000646,0.017566,0.002395,0.000749,-0.001689,0.002333,-0.000724,0.000457,-9.9e-05,0.000109,-0.000103,0.002657,-0.000192,-0.000475,0.000161,0.001544,0.0,0.000185,-0.000258,0.002149,0.001895,0.010295,-0.000596,-0.000588,-0.000297,0.001509,-0.000939
ST2406,0.041774,0.043408,0.022122,0.008382,0.002488,0.07584,0.20242,0.020002,0.002641,0.027505,0.003563,0.001254,0.001818,-0.002942,-0.000104,-0.000462,0.000229,6.9e-05,0.0,0.000676,0.000158,0.000116,-0.000468,0.000627,0.000474,0.000267,5.7e-05,0.000207,0.002987,0.008377,0.0,-7.3e-05,0.0,0.001022,0.004401
ST2416,0.041976,0.043408,0.031113,0.014951,0.003647,0.101269,0.075649,0.014965,0.000656,0.031385,0.002146,-0.000321,-0.000686,0.006114,0.000891,0.000485,0.000211,0.00046,0.000181,0.003293,0.000127,-0.000733,-8.3e-05,0.000748,0.000192,0.00035,0.002061,-0.00205,0.002439,0.003509,0.0,0.006211,0.0,0.001533,0.004812
ST2419,0.041774,0.043408,-0.072823,0.021208,-0.000646,0.067633,0.068482,0.031372,0.005172,0.040487,0.005103,0.001091,0.003663,0.000989,0.000377,-6.7e-05,8.8e-05,-0.000408,0.0,0.001625,0.00067,-8.4e-05,0.000159,0.000728,0.001979,0.000477,0.000128,-0.000431,0.00379,0.011228,-0.000335,-7.3e-05,0.0,0.003025,0.006997
ST2421,0.041367,0.043408,-0.054808,0.002566,-0.001991,-0.060294,0.166156,0.016671,0.000919,0.029318,-4.6e-05,-0.001714,-0.000369,0.003024,0.000327,0.000627,0.001167,0.000778,0.0,-0.001466,-5.5e-05,-0.000724,-0.00044,0.0,0.00022,-0.00032,-0.000693,0.000916,0.001866,0.081209,-0.004133,-7.3e-05,-0.003799,-0.000543,0.003997
ST2423,0.041774,0.043408,0.031541,0.01219,0.002649,0.090897,0.110712,0.019052,0.001362,0.034345,-0.007908,-0.002283,0.001528,-0.001104,0.00035,2.2e-05,-0.001049,-4.3e-05,-0.000222,0.003603,-0.00048,-0.000526,-0.000515,0.001145,0.00042,9.6e-05,-0.000773,-0.001334,0.001994,0.003627,0.0,-0.000138,0.0,0.001684,0.003277
ST2430,0.041367,0.043408,0.019317,0.007487,0.003138,-0.041695,0.122558,0.011233,0.00264,0.026418,0.00257,-0.001902,0.003217,-0.003102,-0.000737,0.001105,-0.001203,-0.000946,0.000167,0.000771,0.001156,0.000654,-0.000659,0.000112,-0.000119,0.000195,0.000667,0.000728,0.002561,0.116456,0.005634,-0.000138,0.002826,0.0,0.004969
ST2432,0.041774,0.043408,0.020753,0.007439,0.002547,0.07982,0.196963,-0.002135,-0.002759,0.011675,-0.007189,-0.002604,0.000865,-0.003694,-0.000105,-0.000403,-6.1e-05,1.7e-05,0.0,0.00135,0.000378,-8.7e-05,7.4e-05,0.000694,-0.000357,9.2e-05,0.000746,7.1e-05,0.002135,0.009341,0.0,-0.000448,-0.001005,0.000652,-0.002822
ST2456,0.041774,0.043408,0.026193,0.007752,-0.003948,0.084526,0.135116,0.007834,0.002795,0.017306,0.002741,0.000415,0.001025,-0.000478,-0.001186,-0.000546,-0.000701,-0.000855,0.0,0.002431,0.000645,0.00012,-6.3e-05,-0.00157,-0.00033,0.000351,-0.000685,0.000669,0.002711,0.007626,0.0,-0.000527,-0.000167,0.000586,-0.003231
ST2458,0.041774,0.04385,0.030674,0.012933,0.00404,0.102907,0.056108,0.016149,0.000626,0.015527,-0.012101,-0.001658,0.00107,0.0064,0.000447,0.000119,-0.000821,-6.2e-05,0.0,0.002403,-0.000137,5.3e-05,-2.5e-05,0.000206,0.000442,-0.000619,0.00092,0.000352,0.001241,0.003911,0.0,-0.00012,-6.4e-05,0.001533,0.000128
ST2467,0.045745,0.05366,-0.054062,0.016468,-0.001274,0.038861,-0.060213,0.040952,0.005817,0.048122,-0.002526,-0.001042,0.004119,-0.005643,0.00023,0.00102,-0.000519,0.000186,-3.6e-05,-0.000197,-0.000279,0.0,-0.000165,0.00017,-0.000264,-0.000378,0.0,-0.000891,0.001857,0.021824,-0.000991,-0.000125,0.0,0.002947,0.010357
ST2468,0.041774,0.043408,0.025122,0.007745,0.002345,0.076557,0.15441,0.022663,0.00131,0.039024,0.004757,0.004571,0.001013,-0.000669,0.000201,0.000435,0.000271,0.000101,-0.000261,0.001826,-0.000757,0.000117,-0.000288,0.001268,-0.000585,-0.000118,0.000171,0.001278,0.002728,0.008265,0.0,-0.000138,0.0,0.000763,0.003314
ST2479,0.041367,0.043522,-0.079338,0.012011,-0.001093,0.0875,0.131667,0.032837,0.001286,0.040106,-0.001913,-0.001164,0.001019,0.001382,-0.001577,-0.004032,-0.000399,-0.000534,0.0,0.000245,-0.001395,1.4e-05,-0.000449,0.000659,0.000488,-0.000214,-0.000191,-0.000386,0.001588,-0.019447,0.0,-0.000138,0.0,0.003141,0.006421
ST2487,0.041367,0.043408,0.019251,0.007132,0.002979,-0.041063,0.119967,0.011044,0.000879,0.020447,0.002916,-0.00174,0.003632,-0.00304,0.003271,-0.000722,-0.000173,0.000661,-9.8e-05,0.000576,-0.000132,-0.000522,0.00042,0.000112,1.6e-05,0.001006,0.000289,0.000944,0.002401,0.115784,0.005933,-0.000138,0.002826,0.0,0.005128
ST2490,0.039764,0.043408,0.027302,-0.091692,-0.000119,0.07496,0.176956,0.010611,0.004184,0.016577,-0.000413,0.000686,0.001504,-0.000168,0.000187,-7.6e-05,0.001046,0.000746,0.0,-0.024876,-0.000721,0.000115,-0.000494,0.0,8.4e-05,-0.00022,0.000305,0.000499,0.001345,0.007836,0.0,-0.000138,0.0,0.001141,-0.003199
ST2503,0.041774,0.04385,0.03076,0.013649,-0.000288,0.107364,0.059027,0.015825,0.007656,0.014522,0.003723,0.001762,0.002785,0.007649,0.00013,0.000528,0.00046,4.1e-05,-0.00013,0.002721,5.3e-05,0.000245,-0.000404,0.000657,-3.3e-05,0.000204,0.00049,0.000668,0.001804,0.002731,0.0,-0.00012,0.0,0.001235,-0.000149
ST2507,0.041774,0.043408,-0.089814,0.009957,0.000327,0.076208,0.154982,0.026513,0.008171,0.039272,-0.001839,-4.3e-05,-0.000385,3e-05,0.000272,0.000703,9e-05,0.000599,-2.4e-05,-0.001035,-0.000673,0.000232,0.000425,0.001106,5.8e-05,-0.000283,0.000239,0.000294,0.00301,-0.001926,0.0,-0.000138,0.0,0.001624,0.002556
ST2514,0.041774,0.043408,0.022103,0.008779,-0.00576,0.080669,0.154429,0.008097,0.002993,0.017124,0.007923,0.000976,0.001115,-0.00119,-0.001998,0.000545,-0.000372,0.000401,9.1e-05,0.002303,-8.5e-05,0.000333,-2.9e-05,-0.001104,1.3e-05,-0.000146,-0.000541,0.001842,0.002711,0.008905,0.0,-0.000516,-0.000461,0.000464,-0.002409
ST2521,-0.006539,-0.003992,0.004669,0.00796,0.007317,0.002381,0.072022,-0.006753,0.003283,-0.003488,-0.005058,0.0002,0.000529,-0.005241,-0.000295,-0.001465,0.005677,0.000149,0.0,0.000269,-0.000245,0.000461,-0.000249,0.000465,7.7e-05,-0.000452,0.000102,-0.001452,0.000515,0.000395,-0.005075,0.008662,0.012048,8.7e-05,0.000409
ST2528,0.041774,0.043408,0.021339,0.011797,0.001141,0.075547,0.23982,0.006879,0.000463,0.016351,0.003705,0.000666,0.0005,0.013926,0.001262,0.001912,0.00014,0.000569,0.00036,0.001033,-0.00071,-0.000444,0.000171,-0.000909,-5.9e-05,-0.000138,9.9e-05,0.001541,0.00276,0.008145,0.0,-7.3e-05,5.1e-05,0.000794,0.001862
ST2529,0.041774,0.043408,0.022455,0.009041,0.001578,0.07584,0.210927,0.020494,0.000954,0.031837,-0.003497,0.002934,0.001291,-0.002974,-0.000586,0.000323,0.000278,-0.000236,0.000128,0.000836,0.000487,8.4e-05,0.000419,0.000627,0.00126,-0.0002,-5.2e-05,-0.000335,0.003037,0.008479,0.0,-7.3e-05,0.0,0.001089,0.003759
ST2536,0.041774,0.043408,0.02145,0.008453,-0.006036,0.080502,0.16256,0.006644,0.001998,0.017028,0.006246,0.001586,0.001006,-0.001017,-0.001772,-0.000527,-0.00035,-0.000151,0.0,0.002088,-9.3e-05,0.000439,-9.6e-05,-0.001141,-0.000257,6.6e-05,-0.000743,-0.000815,0.002663,0.008753,0.0,-0.000388,-0.000767,0.000464,-0.002614
ST2539,0.041774,0.043408,0.025876,0.008694,0.001022,0.075619,0.233823,0.001406,0.000505,0.013882,-0.00503,-0.000201,-0.001265,0.013883,0.000694,0.00374,0.000609,0.000737,0.000795,0.000652,-0.000378,-0.000293,-0.000267,-0.000857,0.000854,0.002221,8.1e-05,0.004055,0.002577,0.000459,0.0,-7.3e-05,5.1e-05,0.000794,0.001659
ST2557,0.041774,0.043408,0.022755,0.005213,0.001993,0.074818,0.206459,0.021645,0.002864,0.031867,0.005106,0.002913,0.000342,0.012737,-3.1e-05,6.6e-05,-0.000469,0.0,7.6e-05,0.001317,0.000156,-0.000252,-0.000308,0.000406,-0.000617,0.000213,-0.000458,0.00201,0.002594,0.008313,0.0,-7.3e-05,-2.8e-05,0.000974,0.002529
ST2559,0.041774,0.043408,0.024275,0.007923,-0.005856,0.080738,0.15766,0.017225,0.002587,0.016252,0.003316,-0.000563,0.000685,-0.000642,0.000197,-0.000151,-0.000318,0.000461,9.6e-05,0.001456,-0.000338,-0.000333,-0.000137,0.00134,-0.000875,0.000104,0.000343,-0.000646,0.002663,0.008687,0.0,-0.00029,-9.7e-05,0.000464,-0.003508
ST2570,0.041774,0.043408,0.027857,0.008667,0.001937,0.079432,0.132672,0.015275,0.001774,0.018805,0.002984,0.002991,0.000499,-0.000297,-0.001013,-9e-05,0.000915,-0.000374,3.6e-05,0.002295,-0.000794,1.3e-05,-0.000657,0.00175,0.000348,0.000439,-0.000136,0.000554,0.002911,0.006528,0.0,-0.000302,0.0,0.000519,0.002053
ST2575,0.041976,0.043408,0.022454,0.007777,0.003196,0.076784,0.183914,-0.000593,0.002995,0.014477,0.009731,0.003158,0.000186,-0.003225,0.000423,9.6e-05,-0.000116,0.000272,-0.000183,0.001205,0.000195,0.000211,0.000548,0.000655,-0.000102,-0.000431,0.000559,0.00157,0.002904,0.008719,0.0,0.001885,0.001686,0.000824,0.001883
ST2576,0.041774,0.043408,0.022012,0.007767,0.002832,0.077446,0.176807,0.000441,-0.000608,0.015475,0.011366,0.003297,0.00085,-0.001915,6.5e-05,0.000961,0.000756,-4.9e-05,0.0,0.001722,-0.000739,-7.2e-05,0.000316,-0.001333,8.1e-05,-0.000511,0.000844,-0.000475,0.002856,0.008825,0.0,-0.000235,-0.000694,0.000714,0.002454
ST2578,0.041774,0.043408,0.021833,0.006699,0.001925,0.07584,0.200311,0.020076,0.000742,0.031591,-0.006572,-0.003285,0.001462,-0.002974,-0.000296,-0.000296,-0.000178,-0.000237,0.0,0.000928,0.000522,-0.000409,-0.000626,0.000649,-0.002916,0.000184,-0.00029,-0.000759,0.002987,0.008537,0.0,-7.3e-05,0.0,0.001089,0.00345
ST2602,0.041976,0.043408,0.021774,0.00771,0.003328,0.076784,0.191448,-0.001154,0.000946,0.013478,0.009415,0.002589,7.3e-05,-0.003069,0.000184,-0.000153,4.7e-05,0.000182,-0.000246,0.00106,-0.000609,0.00064,0.000762,0.000973,-2.4e-05,-1.6e-05,0.001577,6e-06,0.002904,0.008678,0.0,0.002062,0.002034,0.000872,0.001799
ST2620,0.041976,0.043408,0.022939,0.008957,0.001432,0.074576,0.182577,0.018612,0.000224,0.031257,-0.001816,-0.003156,0.002131,-0.002588,0.0,0.000365,-7.5e-05,-0.000178,7.7e-05,0.000703,0.000699,0.000479,0.000619,0.000904,-0.001742,-0.000132,-0.000411,-0.000223,0.003102,0.008633,0.0,0.001562,0.0,0.000987,0.003499
ST2621,0.041774,0.043408,0.024362,0.007733,0.002113,0.078743,0.149875,0.001304,-0.000602,0.015105,0.010326,0.003806,0.000961,-0.000203,0.00138,0.000157,0.000618,0.000208,9.1e-05,0.003207,0.000769,0.000156,5.1e-05,-0.001353,0.00098,0.00077,0.000195,0.000202,0.002543,0.00839,0.0,-0.000516,-0.000525,0.000714,0.002617
ST2631,0.041774,0.04385,-0.066338,0.030284,0.001048,0.071421,0.064235,0.005833,-1.9e-05,0.017386,-0.003232,0.00217,-0.004106,0.00125,0.001269,-0.000234,0.000177,-4.7e-05,0.0,0.000572,-0.001354,-0.000628,-1.1e-05,0.00017,0.000573,-0.000212,0.000265,-0.001099,0.00047,0.011162,-0.000408,-0.000288,0.0,-0.007683,0.006929
ST2634,0.047836,0.051448,0.026104,0.016462,-0.004595,0.097275,-0.028034,0.0318,0.006333,0.023483,0.00401,-0.000386,0.003482,0.002306,-0.00037,0.000244,0.0,0.001091,0.0,0.001285,0.0015,-0.000148,-0.000394,0.001544,0.000113,0.000308,-0.000278,0.003025,0.001908,0.008976,-0.000596,-0.0002,-0.000104,0.001211,-0.000412
ST2637,0.041774,0.043408,0.023827,0.022864,0.001768,0.075442,0.14544,0.013359,0.001717,0.020675,0.006566,0.002811,0.000733,-0.000262,0.001295,0.000574,0.000344,7.3e-05,0.00013,-0.021162,-0.000505,-4.4e-05,0.000202,0.00128,-0.000108,0.000124,-0.000157,-0.000724,0.007309,0.009789,0.0,-0.000138,0.0,0.000606,0.00157
ST2640,0.041774,0.043408,0.021762,0.00651,0.002841,0.081446,0.20767,-0.00044,0.003431,0.013143,-0.00169,0.002712,0.001419,-0.003395,0.000622,-0.000405,-0.000144,-8.8e-05,-4e-06,0.000776,-0.000121,-6e-05,-0.001141,-0.000587,0.000619,0.000924,-0.000762,1e-05,0.002851,0.008991,0.0,-0.000179,-0.000409,0.000611,-0.00366
ST2656,0.041367,0.045606,0.01799,0.009013,0.003169,-0.045906,0.149111,-0.003054,-0.001154,0.018897,0.001486,-0.002103,0.002658,-0.005548,0.003725,-0.000123,0.001196,-0.000815,-9.8e-05,0.001959,-3e-06,-0.000175,-0.000304,0.0,-0.00016,-0.000977,-2e-06,-0.00081,-0.006134,0.118443,0.00779,-6.5e-05,0.001731,0.0,-0.000197
ST2663,0.041774,0.043408,0.021459,0.008332,0.003009,0.080619,0.16213,5.4e-05,-0.001495,0.007311,0.000877,0.001235,-0.002268,-0.000466,-0.000176,-0.000223,0.001582,-0.000195,-0.000246,0.002624,0.00019,6.1e-05,0.000324,-0.001251,0.000638,-0.000476,-6.1e-05,-0.000975,0.002338,0.009174,0.0,-0.000512,-0.00075,0.000416,-0.002999
ST2686,0.043731,0.048632,-0.056928,0.018315,0.002354,0.044145,-0.036781,0.038723,0.003081,0.049676,-0.003674,-0.000596,0.003695,-0.005345,0.000347,-0.001094,-0.000352,0.000222,0.0,0.000453,0.000179,-0.000108,0.000145,0.00017,0.000558,0.000572,0.0,-6.7e-05,0.002791,0.021261,-0.0009,-0.000104,-0.000158,0.002927,0.010013
ST2710,0.041774,0.043408,-0.07728,0.024391,-0.003736,0.080181,0.134673,-0.000156,0.00138,0.01296,-0.001062,-0.002066,-0.001726,0.000683,-0.000509,-0.000256,0.000794,-0.000714,0.000118,0.000636,0.000237,0.000561,-0.000399,-0.001092,0.001099,0.000654,0.000947,0.000135,-0.001325,0.000762,-0.000215,-0.000138,-0.000262,-0.00985,0.000874
ST2742,0.041774,0.043408,0.026568,0.007391,-0.004612,0.076929,0.141897,0.001815,0.001551,0.014599,-0.01501,-0.001668,0.001095,1.3e-05,-0.000886,-0.000208,-0.000441,0.000339,7.2e-05,-0.000128,8.1e-05,-1.3e-05,0.000535,-0.001406,8.7e-05,0.000159,-0.000273,0.001455,0.002604,0.007875,0.0,-0.000436,-0.000313,0.000523,0.002041
ST2749,0.041774,0.043408,0.021874,0.00841,0.002363,0.07468,0.21866,0.017801,0.004118,0.02446,-0.002914,-0.000279,0.000439,-0.003031,-0.000317,0.000393,1.7e-05,8.5e-05,-3e-05,0.001389,0.001132,-0.000124,0.000715,0.000627,0.000358,4.2e-05,0.000313,-0.001347,0.002895,0.007674,0.0,-7.3e-05,-7.9e-05,0.00079,0.001816
ST2756,0.041774,0.043408,0.022944,0.008117,-0.005166,0.07575,0.192875,0.019102,0.004069,0.032782,0.001901,0.000558,0.00175,-0.002537,0.000265,-0.000312,-0.000121,0.000339,8.1e-05,0.000531,0.000648,-0.000606,-0.001068,0.000833,0.00115,-7.6e-05,0.000114,-0.000279,0.002987,0.008439,0.0,-7.3e-05,-8e-05,0.001022,0.003585
ST2761,0.043731,0.048467,-0.059243,0.018085,0.00214,0.045365,-0.025708,0.041577,0.005768,0.051595,-0.003853,-0.000488,0.003695,-0.005334,-9.5e-05,-0.000468,-0.000388,4.2e-05,0.0,4.8e-05,0.000157,0.00014,-0.000177,0.00017,0.000558,-0.000193,0.0,0.00113,0.002791,0.020603,-0.0009,-0.000104,-0.000158,0.002467,0.010013
ST2762,0.041367,0.043522,0.036979,0.009051,-0.002576,0.094462,0.113675,0.017742,0.003251,0.033915,0.005121,0.003431,0.000727,0.001676,-0.000311,0.00148,0.000858,-9.9e-05,-0.000119,0.003124,0.000197,0.000346,0.000132,-0.001539,0.000109,0.000317,0.000547,0.007521,0.001195,-0.021086,0.0,-0.000244,0.0,0.001684,0.006607
ST2782,0.041367,0.043408,0.024374,0.007438,-0.003836,0.076163,0.153974,-0.0044,0.000567,0.021789,0.008301,0.001677,0.000755,-0.000193,-0.002169,0.000495,0.000758,-0.000886,-0.000137,0.001475,-8e-05,-0.000391,0.000182,-0.001521,0.000107,0.000475,0.001223,-0.00016,0.002312,0.008085,0.0,0.00173,0.000989,0.000758,0.002622
ST2784,0.041774,0.043408,0.021955,0.00836,0.001071,0.08002,0.200961,0.017898,0.000578,0.013764,0.005805,0.001923,0.000256,-0.003335,9e-05,0.000161,-0.000874,-0.0001,-0.000183,0.001024,0.000608,-3.9e-05,-0.001405,0.000417,9.8e-05,0.000657,0.00049,-0.000692,0.002801,0.00899,0.0,-0.000231,0.0,0.000675,-0.004963
ST2816,0.041367,0.043522,0.039093,0.008087,-0.003676,0.110735,0.073535,0.024563,0.001065,0.035656,0.003305,0.002652,0.001219,-0.000821,-0.000109,0.001143,0.00056,0.000373,0.0,0.003177,-0.000459,0.000546,1.8e-05,-0.000662,-0.00047,0.000129,-0.000351,0.006306,0.0008,-0.027442,0.0,-0.000129,0.0,0.001533,0.006981
ST2825,0.041774,0.043408,-0.063045,0.029563,-0.001603,0.071529,0.075697,0.005038,0.000802,0.017302,-0.003312,-0.00215,-0.004059,0.000918,0.000156,0.000723,-0.000618,0.000658,-5.6e-05,0.001859,0.00149,0.001129,0.000595,0.00017,0.000638,-0.000136,-1.7e-05,-0.000619,0.000793,0.011521,-0.000408,-0.000288,0.0,-0.007542,0.006226
ST2833,0.041774,0.043408,0.022498,0.008347,0.002721,0.07477,0.2002,0.018514,0.004154,0.020965,-0.004039,-0.000623,-0.000402,-0.003178,0.000105,0.000118,0.000259,0.000453,1.4e-05,0.001231,-0.000781,0.0,0.000739,0.000627,0.000344,8.2e-05,-7.7e-05,-0.000325,0.003046,0.007868,0.0,-7.3e-05,0.0,0.00079,0.001738
ST2835,0.041367,0.043522,-0.077063,0.008027,0.000593,0.082105,0.196132,0.029625,0.009308,0.039017,0.000744,0.000861,-7e-05,0.002355,0.000551,0.001977,3.6e-05,0.000658,0.0,-0.000251,0.000147,0.0,-0.000108,0.000448,-0.000438,-0.000302,0.000128,0.001073,0.001737,-0.031433,0.0,-7.3e-05,0.0,0.001855,0.005026
ST2851,0.041774,0.043408,-0.066167,0.03046,-0.001554,0.071529,0.077221,0.003279,0.000558,0.013232,-0.001212,-0.001876,-0.004059,0.001168,0.000672,-9e-05,-3.3e-05,-0.000805,-5.6e-05,0.002645,0.001336,0.000874,3e-06,-0.000189,-0.000121,0.000207,0.000283,-0.000548,0.001015,0.011677,-0.000452,-0.000288,0.0,-0.007654,0.006226
ST2855,0.041774,0.043408,-0.070184,0.028372,0.001908,0.074469,0.087657,0.006133,0.000971,0.016868,-0.003036,0.001817,-0.003565,0.000747,0.000344,0.000567,0.000905,0.000696,0.0,0.001199,0.001045,-0.001404,0.00046,0.00033,-0.000263,0.000252,-0.000127,-0.000973,0.000837,0.008472,-0.000452,-0.000208,0.0,-0.009643,0.004787
ST2857,-0.006595,-0.003181,0.003435,0.007883,0.008066,0.002047,0.075274,0.006369,-0.003436,-0.002695,0.01481,0.001519,1.4e-05,-0.000703,0.001132,0.000787,-0.000395,0.00061,0.000119,0.000272,9.3e-05,8e-05,0.000227,0.000585,0.000451,0.000363,0.000457,4e-06,0.000547,0.001689,-0.004994,-0.000778,-0.004909,8.7e-05,-3.1e-05
ST2860,0.041774,0.043408,0.022481,0.008436,0.002059,0.07477,0.200265,0.018778,0.003231,0.023443,0.003154,0.002699,-0.000595,-0.003178,0.000107,0.000273,-0.000844,0.000124,8.5e-05,0.000513,0.000256,0.000184,0.000988,0.000627,-0.000381,0.000339,-4e-06,0.000557,0.003102,0.007828,0.0,-7.3e-05,-3.1e-05,0.000724,0.001239
ST2868,0.041774,0.043408,-0.097065,0.009961,0.00063,0.075885,0.214108,0.021118,0.001098,0.033483,0.000571,0.000524,-0.000151,0.004,-2.4e-05,0.001101,0.000463,0.000881,-0.000261,0.000295,9.7e-05,0.0,7.9e-05,0.000448,0.000727,7e-05,0.000118,0.001219,0.003012,0.000392,0.0,-7.3e-05,0.0,0.001454,0.002155
ST2891,0.041976,0.043408,0.027592,0.008594,-0.003458,0.080859,0.130171,0.003692,0.001476,0.019573,0.007486,0.001492,0.001696,-0.00015,0.000876,0.000988,0.000313,0.000227,-6.3e-05,0.000243,-0.000296,0.000267,-7.8e-05,0.002683,0.000739,-0.000342,0.001512,0.000299,0.002845,0.007688,0.0,0.003744,0.000707,0.000714,0.001977
ST2908,0.041774,0.043408,0.022115,0.006822,0.003834,0.08002,0.168483,0.006506,0.003795,0.015213,-0.002452,0.001996,0.001092,-0.001671,0.000914,-0.000792,-0.000217,-0.000479,0.0,0.000946,-0.000107,0.000133,3.8e-05,-0.00134,-0.000183,-0.000178,-0.001289,-0.000174,0.002859,0.008856,0.0,-0.000333,-0.000323,0.00053,-0.003537
ST2925,0.041976,0.043408,0.021903,0.008477,0.001841,0.075234,0.199015,0.017942,0.001329,0.028441,0.005772,0.001669,0.002103,-0.003079,0.000227,-0.000467,1.6e-05,-0.000615,-0.000114,0.001465,-0.000405,0.000378,-8.4e-05,0.000627,0.000644,0.000144,0.000455,-0.000257,0.00345,0.008439,0.0,0.001721,0.000165,0.001022,0.004203
ST2933,0.041774,0.043408,0.021137,0.004129,0.001867,0.074818,0.229355,0.023303,0.003958,0.027887,-0.001682,-0.001183,7.1e-05,0.012873,9.4e-05,-0.000269,2.1e-05,0.000139,7.6e-05,0.000518,0.000259,0.0,-9e-05,0.000862,-0.000871,-1e-05,6.2e-05,0.001134,0.002615,0.008093,0.0,-7.3e-05,-2.8e-05,0.000848,0.001577
ST2950,0.043232,0.045471,-0.048374,0.03243,0.003713,0.041484,-0.0103,0.028964,0.003459,0.044386,0.002033,0.002178,-0.003839,-0.005122,0.000424,-0.00043,-0.000205,0.000446,0.0,0.001353,0.000384,-0.000636,0.000145,0.000321,0.000385,0.000251,-0.000105,0.000958,-0.001771,0.022517,-0.00086,-0.00039,-0.000158,-0.007228,0.007009
ST2955,0.041774,0.043408,0.022402,0.007289,0.002725,0.076776,0.209192,-0.002028,0.003142,0.016452,-0.009238,-0.001489,0.001143,-0.003237,-0.0008,-4.1e-05,-0.000169,-0.000839,-8.2e-05,0.001217,-0.000614,-0.000205,-0.000762,-0.000638,0.000528,-0.001017,-0.00102,0.000177,0.00308,0.008039,0.0,-0.000128,-0.000317,0.000652,0.00283
ST2958,0.045745,0.054026,-0.04856,0.030278,-0.002494,0.036582,-0.057232,0.030799,0.002316,0.035519,-0.000883,-0.003225,-0.003744,-0.00542,-0.000234,0.001368,-0.000209,1.7e-05,0.0,0.001453,3.6e-05,-0.00025,-0.000165,0.00017,0.0,0.0,-0.000297,-0.000177,-0.002909,0.025061,-0.000951,-0.000419,0.0,-0.00667,0.005108
ST2960,0.041774,0.043408,0.032143,0.01181,-0.004816,0.075451,0.138005,0.021285,0.001191,0.035755,0.005174,0.002406,-0.000442,-0.00113,-0.000232,-0.000684,-0.000176,-0.000304,-0.000162,0.001663,-0.00051,-3.6e-05,8.8e-05,0.00128,-7.2e-05,0.000167,-5.1e-05,0.002522,0.00265,-0.000582,-0.000175,-0.000138,-0.000157,0.000171,0.002785
ST2965,0.041774,0.043408,0.023813,0.007109,-0.006507,0.080498,0.163706,0.006962,0.00215,0.015561,0.000668,0.001367,0.001204,-0.000876,-0.001137,-4.2e-05,0.000446,0.000298,0.0,0.000168,-0.000136,-1.1e-05,0.000198,-0.001353,0.000159,4.1e-05,0.000357,0.000343,0.00273,0.008449,0.0,-0.000444,-0.000682,0.000464,-0.002694
ST2979,0.041976,0.043408,0.022852,0.008042,-0.006701,0.076726,0.184572,0.00142,8e-05,0.013674,0.009083,0.002391,0.000481,-0.002323,0.001149,0.000362,-0.000448,-2.3e-05,-8.5e-05,0.000793,-0.000678,-0.000466,-0.000837,0.001034,7.7e-05,-0.001437,-0.001953,-0.000289,0.002904,0.008776,0.0,0.002076,0.001591,0.000795,0.002037
ST2982,0.041774,0.043408,0.022356,0.005693,0.001379,0.075547,0.214802,0.002335,0.000899,0.013096,0.00636,0.001722,0.000103,0.013808,0.000819,0.002874,0.000225,0.00027,0.00094,0.000958,0.000203,0.000189,0.000777,-0.000555,0.000178,0.000567,-0.000323,0.001674,0.002814,0.007942,0.0,-7.3e-05,-3e-06,0.000794,0.002861
ST2983,0.041774,0.043408,0.022642,0.006924,0.00307,0.08002,0.165184,0.006737,0.003386,0.01574,0.007177,0.002052,0.001223,-0.001624,0.000776,-0.000232,0.000619,0.000546,0.0,0.001707,-0.000125,-8.5e-05,-0.000295,-0.001309,-7e-06,0.000731,-0.000508,-0.000483,0.002859,0.008927,0.0,-0.000333,-0.000503,0.000464,-0.003596
ST2988,0.041774,0.043408,0.023783,0.00897,-0.005736,0.075161,0.160492,0.017799,0.001667,0.025375,-0.006181,-0.005388,0.000589,-0.000845,0.000587,-0.000731,-0.000583,6.3e-05,-4.5e-05,0.002526,0.000308,0.000568,0.000483,0.001765,-0.000435,-0.000156,-0.00041,-0.00015,0.002727,0.007955,0.0,-0.000188,-4.9e-05,0.00053,0.002077
ST2991,0.041976,0.043408,0.020909,0.008238,0.002362,0.075234,0.169331,0.017459,0.001952,0.031542,0.004016,0.003259,0.002045,-0.001713,0.000108,-1e-05,0.00012,-0.000436,-0.000108,0.001366,-0.000593,-0.000251,0.000141,0.001175,-0.000643,2.7e-05,0.000252,-0.000831,0.003082,0.008479,0.0,0.001721,0.000165,0.00084,0.003768
ST2996,0.041367,0.043522,-0.088329,0.007724,0.00076,0.084338,0.169958,0.028997,0.004584,0.03926,0.001496,0.000676,0.000138,0.000956,0.001301,-0.000463,0.000646,0.000914,0.0,0.000305,-0.000452,0.000247,-0.000176,0.00033,-0.000193,0.000359,0.000469,0.001982,0.002027,-0.024153,0.0,-0.000138,0.0,0.001935,0.00466
ST3005,0.041367,0.043522,-0.078738,0.011837,-0.000424,0.087329,0.124204,0.020228,0.004343,0.025852,-0.001725,-0.001331,0.001343,0.001333,-0.001744,0.000333,0.000725,-0.0008,-9.6e-05,-0.000797,0.000502,0.000171,-0.000381,-0.000935,0.000221,8.4e-05,2.9e-05,-0.000221,0.001669,-0.019447,0.0,-0.000138,0.0,0.00369,0.006873
ST3013,0.041774,0.04385,0.031286,0.012737,0.004056,0.102907,0.054586,0.015546,2.3e-05,0.016677,-0.011031,-0.001615,0.00116,0.006686,9.3e-05,1.4e-05,-0.000878,-0.00033,-3.2e-05,0.002627,-0.001014,7.1e-05,0.000543,0.000206,-0.000457,0.000253,-0.000812,-0.001057,0.001241,0.003911,0.0,-0.00012,0.0,0.001533,0.000263
ST3015,0.041976,0.043408,0.021134,0.008739,0.003401,0.076784,0.208679,-0.00177,-0.000603,0.013008,0.008758,0.003437,-0.000107,-0.0032,0.00029,0.000126,0.000485,0.000518,7.7e-05,0.000946,0.000404,-0.000106,0.000603,0.000657,0.000501,0.000451,0.000944,-0.000978,0.002904,0.008678,0.0,0.001898,0.001099,0.000843,0.001607
ST3020,0.041774,0.043408,-0.085475,0.01783,0.003947,0.082304,0.196751,-0.00635,0.001165,0.010875,0.000112,0.000965,-0.00036,-0.001385,-0.000384,8.5e-05,-0.000985,-0.000909,0.0,0.00102,-0.000589,-0.000159,6.3e-05,-0.000891,-0.000444,0.000133,-7.9e-05,-0.001507,-0.006545,0.002299,-0.000494,-0.000129,-0.000262,-0.00837,0.000641
ST3039,0.041367,0.043522,-0.103304,0.008816,0.000812,0.083525,0.199628,0.029026,0.003584,0.034953,6.5e-05,0.000881,-0.000151,0.000726,0.00028,-0.001568,0.000831,-0.000329,0.0,4.9e-05,5.1e-05,0.0,-1.3e-05,0.000448,0.000392,0.000294,0.000128,-0.005118,0.001332,-0.031846,0.0,-7.3e-05,0.0,0.001855,0.004671
ST3047,0.041774,0.043408,0.020848,0.008697,-0.006807,0.08002,0.167547,0.006856,0.002393,0.015659,0.000311,0.00174,0.001281,-0.001093,-0.000396,-0.000403,-0.000292,-0.000652,0.0,0.001906,-0.000128,-0.000123,-0.000506,-0.001386,-3.9e-05,9.5e-05,3.7e-05,-0.000913,0.002859,0.008833,0.0,-0.000333,-0.000522,0.000464,-0.003168
ST3063,0.041774,0.043408,0.022378,0.009149,0.002185,0.07575,0.214189,0.020762,0.00375,0.02999,0.002615,0.001702,0.001258,-0.002974,-0.000947,-0.000219,0.000135,0.000274,0.0,0.000506,-0.00084,-6e-05,0.000297,0.000627,6.5e-05,0.000377,0.000175,-0.000571,0.003037,0.008381,0.0,-7.3e-05,-7.9e-05,0.001022,0.003719
ST3065,0.041367,0.043522,-0.086017,0.008504,0.000327,0.083411,0.191459,0.031453,0.009206,0.040563,0.000459,0.000984,-7e-05,0.001215,0.000182,0.000893,3.6e-05,0.000448,0.0,0.000539,-1.1e-05,0.0,0.000326,0.00033,0.000789,-0.000543,0.00014,0.00073,0.001617,-0.026777,0.0,-0.000138,0.0,0.001855,0.004563
ST3067,0.041774,0.043408,0.020675,0.011625,0.001366,0.076976,0.235204,0.014187,0.002084,0.014307,0.002915,-0.000335,0.001161,0.01405,-0.000885,-0.001873,-0.000326,-0.000633,-0.0006,0.001225,0.000728,0.000353,-2.5e-05,-0.000588,0.000296,0.000383,-0.000528,0.001837,0.002538,0.008705,0.0,-7.3e-05,5.1e-05,0.000496,-0.002698
ST3069,0.041774,0.043408,0.029116,0.009625,-0.003206,0.085187,0.123503,0.008039,0.002995,0.017795,0.002121,0.00048,0.001135,-0.000214,0.000777,-3.6e-05,-0.00037,-0.000952,0.000174,0.001302,-0.000555,-0.000481,6.7e-05,-0.001764,-0.000506,-0.000457,0.001322,-0.000609,0.002755,0.008003,0.0,-0.000388,-0.000201,0.001008,-0.002997
ST3070,-0.00729,-0.002598,0.005769,0.006297,-0.003152,0.002191,0.068147,0.002499,0.006893,-0.003149,0.011484,-0.001066,-0.000305,-0.000572,-0.000188,-7.9e-05,-0.000185,8e-06,-9.2e-05,-0.000658,-0.000258,0.000132,0.000382,-0.000231,3e-05,0.000576,6e-06,0.000407,0.000913,0.002415,-0.005734,-0.000761,-0.004852,8.7e-05,-3.8e-05
ST3071,0.041774,0.043408,0.022594,0.008062,0.002493,0.07584,0.200167,0.021611,0.003473,0.030706,0.002988,0.002787,0.00197,-0.002743,0.00083,0.000861,-0.0006,0.000459,8.1e-05,0.000592,0.000566,0.000448,0.000535,0.000627,0.001656,-0.000514,0.000145,-0.000599,0.002987,0.008439,0.0,-7.3e-05,-3.1e-05,0.001022,0.004778
ST3072,0.041774,0.043408,0.021982,0.009097,0.001491,0.075177,0.239488,0.00545,0.001765,0.022969,0.000141,0.000219,0.001105,0.013727,-0.000369,-0.001429,-2.1e-05,6.2e-05,-0.000225,0.001025,-0.00159,0.000622,0.000304,-0.000785,0.000754,-0.000164,0.000143,0.001451,0.00276,0.00783,0.0,-7.3e-05,5.1e-05,0.000496,0.001852
ST3074,0.041976,0.045606,0.024217,0.008709,-0.004895,0.07602,0.162398,0.002467,-0.001435,0.012751,0.009379,0.00232,0.000594,-0.00044,-9e-05,0.000765,-0.000238,-0.000408,0.0,0.002391,0.000156,0.000357,5.7e-05,-0.001512,0.000143,-0.000961,0.001581,-0.001021,0.002994,0.007727,0.0,0.005044,0.002245,0.000714,0.002692
ST3079,0.041367,0.043408,0.021543,0.008496,0.002888,0.075801,0.200168,-0.010028,0.000216,0.021754,0.009269,0.001622,0.000169,-0.003258,0.001191,0.000107,0.000333,0.000495,-8.5e-05,0.000585,-7.7e-05,0.000333,8.3e-05,-0.001082,-0.00034,0.000142,0.000948,4e-06,0.002572,0.00837,0.0,0.000499,0.002155,0.000831,0.002446
ST3085,0.046001,0.049536,0.031711,0.009758,0.001019,0.078512,-0.021653,0.067707,0.007717,0.066005,0.002509,0.000591,0.000638,-0.000327,0.000242,0.00023,0.000101,0.000934,0.0,0.000891,0.001009,0.0,0.000582,0.000321,0.000111,-0.000439,-6.5e-05,0.009714,0.001829,-0.026068,-0.000596,-7.3e-05,0.0,0.001509,0.008376
ST3087,0.046355,0.050888,0.029429,0.013463,0.003768,-0.016123,-0.044404,0.02819,0.003761,0.024262,0.01661,0.000835,0.002407,-0.011306,0.000135,3.8e-05,-0.001111,0.000359,0.0,0.001009,0.001254,-0.000226,-0.000178,0.0,-0.000379,-0.000609,-0.000123,0.003969,0.003047,0.079889,-0.002334,-0.000135,-0.001028,0.0,0.000151
ST3098,0.041774,0.043408,-0.102604,0.011188,0.000286,0.078697,0.182233,0.027138,0.009179,0.037968,-0.000912,-0.000355,-0.000286,-0.000236,-0.000451,0.001398,6.4e-05,0.00097,-2.4e-05,0.000727,5.1e-05,-0.000132,-0.000272,0.000541,0.000468,0.000191,-0.000296,0.000807,0.002618,-0.001542,0.0,-0.000138,0.0,0.001379,0.002257
ST3099,0.041976,0.045606,0.024251,0.006566,-0.003847,0.076187,0.152235,0.002305,-0.001315,0.012653,0.008589,0.001632,0.000755,-0.000529,-0.001437,0.000295,-0.000829,-0.000459,-0.000137,0.00265,2.6e-05,-5.8e-05,-0.000132,-0.001529,0.000487,-0.000487,-0.002305,-0.001721,0.00288,0.007669,0.0,0.005256,0.001603,0.000714,0.002434
ST3106,0.047836,0.050895,0.026289,0.017084,-0.004747,0.092897,-0.016936,0.035234,0.009199,0.024463,0.004366,-0.000464,0.004029,0.002624,7.4e-05,0.000378,8.1e-05,0.001408,0.0,0.001372,0.00167,8.2e-05,-0.000394,0.001544,0.0,-0.000135,-0.000278,0.001265,0.002377,0.008662,-0.000596,-0.0002,-0.000104,0.001478,-8.3e-05
ST3107,0.042794,0.045908,0.030827,0.01503,0.00307,0.105625,0.022589,0.020498,0.002883,0.016513,0.001699,0.000763,0.003103,-0.000187,0.00096,0.000597,0.000141,-0.000613,0.0,0.00351,0.00046,0.000272,0.000366,0.000869,-0.000118,0.000359,0.000547,-0.000436,0.00176,0.007458,-0.000108,-7.3e-05,-9.8e-05,0.001235,-4.2e-05
ST3114,0.041774,0.04385,0.030703,0.012281,0.005051,0.105475,0.059326,0.016065,0.002735,0.017614,0.003871,0.000702,0.004159,0.006139,0.000489,1.5e-05,-0.000105,-0.000106,-0.00013,0.002421,0.000262,-3.4e-05,-9.7e-05,0.000657,0.000297,-0.000868,0.000248,0.000395,0.001366,0.002763,0.0,-0.00012,0.0,0.001235,-0.000276
ST3124,-0.006539,-0.003786,0.003239,0.005405,0.007132,0.002122,0.063405,-0.0069,0.00184,-0.003012,0.006611,0.000158,0.000406,-0.00395,0.000943,0.000789,0.00397,-0.000393,0.00021,-0.000845,9.7e-05,0.000453,0.000104,0.000527,0.000422,-0.000716,-0.000639,-0.000159,0.000655,0.000507,-0.005304,0.006775,0.01231,8.7e-05,0.000433
ST3127,0.041976,0.043408,0.0241,0.007677,0.003092,0.077707,0.148811,0.002149,0.002768,0.016423,0.011085,0.003152,0.001004,-0.000203,0.001079,-0.000132,-0.000184,0.000243,0.0,0.002204,1.3e-05,-7.1e-05,9.9e-05,0.001578,-0.001049,0.000352,-0.002574,0.000191,0.002625,0.008346,0.0,0.003861,0.001405,0.000714,0.002316
ST3130,0.041774,0.043408,0.02133,0.00911,-0.005733,0.080669,0.152692,0.01626,0.001939,0.015068,0.004824,9.3e-05,0.000631,-0.001073,0.00149,0.000114,8.4e-05,-0.000114,9.6e-05,0.002172,-0.000323,-0.000278,0.000189,0.001213,9.7e-05,-0.000257,-0.000198,0.002305,0.002711,0.008713,0.0,-0.00029,-4.8e-05,0.000464,-0.003037
ST3132,0.041774,0.04385,0.031027,0.0116,0.00033,0.102458,0.048098,0.016823,0.007213,0.03336,0.000984,0.001145,0.002387,0.007581,0.000586,0.000221,-0.000432,0.000279,0.0,0.002464,-0.0003,0.000501,0.000482,0.000341,-0.000158,-6.4e-05,0.000155,0.000724,0.001645,0.003617,0.0,-7.3e-05,0.0,0.001533,0.005425
ST3146,0.042864,0.046254,-0.031433,-0.051771,-0.000172,0.031461,-0.041784,0.022099,0.003022,0.039836,0.000277,8.3e-05,-0.005186,-0.007416,0.000144,0.000809,0.000241,-0.000699,0.00058,-0.001047,-7.6e-05,0.0,-0.000281,0.0,2.4e-05,2.6e-05,-0.000316,0.002185,0.000498,0.025203,-0.000381,-0.000488,0.0,-0.00649,0.004997
ST3179,0.041774,0.043408,0.022753,0.009023,-0.005849,0.076548,0.158909,0.016629,0.001336,0.021681,0.001576,0.001812,-0.000584,-0.000631,0.000938,0.000106,-0.000652,-0.000296,-0.000801,0.002161,2.1e-05,0.000409,8.5e-05,0.001422,0.000123,-0.000445,0.000341,-0.000538,0.002911,0.008172,0.0,-0.000188,-0.000137,0.000763,0.002322
ST3185,0.041774,0.043408,0.028807,0.008545,0.000998,0.074426,0.218358,0.014195,0.00031,0.024502,-0.00076,0.001805,0.00044,0.012386,-0.000153,0.000327,-0.000642,-7.5e-05,0.0,-0.000847,1e-06,-0.000155,0.000242,0.000197,0.000245,-1.6e-05,0.000275,0.005236,-0.008926,0.003385,-0.000174,-7.3e-05,5.1e-05,-0.00644,0.000646
ST3213,0.041774,0.043408,0.022588,0.008458,-0.005738,0.07583,0.195298,0.018784,-0.000497,0.021404,0.002775,0.001839,-0.001658,-0.002219,-0.000553,-0.001114,-0.00047,-0.000612,3.2e-05,0.000471,0.000359,0.000271,-0.001705,0.00094,0.000465,0.000346,0.000795,-0.001396,0.003102,0.008157,0.0,-0.000231,-0.00012,0.001022,0.001859
ST3218,0.041774,0.043408,0.021582,0.007556,0.00381,0.08002,0.196109,0.019585,0.004427,0.013187,0.00408,0.002304,0.00028,-0.003335,0.000278,0.000139,0.001269,-0.000315,-1e-06,0.001101,0.000177,-0.000128,0.001601,0.000529,0.000527,0.000197,0.00011,0.00055,0.002801,0.00899,0.0,-7.3e-05,-8.5e-05,0.000675,-0.004926
ST3221,0.041774,0.043408,-0.080141,0.025114,-0.003974,0.081173,0.133836,-0.000343,0.001216,0.011909,-0.001082,-0.0017,-0.001726,0.000516,-0.000577,-0.000711,-0.000353,0.00162,-0.000122,0.000978,0.001029,0.000406,-0.000183,-0.001253,0.001133,-0.000375,0.000687,-0.000956,-0.000308,0.000888,-0.000215,-0.000138,-0.000262,-0.00985,0.000874
ST3227,0.041774,0.043408,0.022408,0.008736,0.001794,0.07575,0.21375,0.020256,0.004162,0.030983,-0.004776,-0.002901,0.00089,-0.002974,0.000191,5.2e-05,1.7e-05,0.000195,-0.000138,0.001132,-0.00062,0.000158,0.000666,0.000649,0.001269,0.000417,0.000143,-0.000427,0.003037,0.008417,0.0,-7.3e-05,-7.9e-05,0.001089,0.003403
ST3239,0.041774,0.043408,0.027041,0.010214,0.001517,0.084519,0.119997,0.014761,0.002126,0.015669,0.001833,0.001639,0.000328,-0.000552,0.001435,2.3e-05,0.000885,6e-06,0.0,0.00272,-0.000616,-5.8e-05,9.4e-05,0.001434,8.8e-05,-0.000756,-1.9e-05,0.001967,0.002663,0.007892,0.0,-0.000407,0.0,0.000974,-0.002731
ST3250,0.041774,0.043408,0.022072,0.007753,0.002796,0.08002,0.173282,0.01621,0.00313,0.013672,0.00157,0.002538,0.000459,-0.001974,0.00056,0.000364,-0.000414,-0.000735,-0.000363,0.000992,0.000106,7.2e-05,-0.000567,0.000966,0.000566,-8.6e-05,0.001594,-0.000327,0.002844,0.008962,0.0,-0.000129,-0.000182,0.000493,-0.004021
ST3256,0.041367,0.043522,-0.089164,0.006715,0.000812,0.083025,0.199787,0.029508,0.000142,0.038236,0.000373,0.000984,-7e-05,0.001372,0.00057,-0.000275,0.000304,0.000951,0.0,0.000126,7.2e-05,0.0,-0.000108,0.000448,-5e-05,-0.000397,-0.000148,0.002811,0.001593,-0.031998,0.0,-7.3e-05,0.0,0.001935,0.004671
ST3262,0.041774,0.043408,0.02852,0.008979,-0.003994,0.079007,0.134839,0.021939,0.002674,0.036573,-0.009568,-0.003195,0.000822,-5.4e-05,-0.000173,-7.7e-05,9.7e-05,0.000172,0.000546,0.001894,-0.000209,0.000225,0.000106,0.001896,7.3e-05,0.000307,0.000245,1.6e-05,0.002777,0.00746,0.0,-0.000138,0.0,0.000829,0.003167
ST3267,0.039764,0.043408,-0.075029,-0.077597,-4.9e-05,0.074792,0.156343,0.007794,0.001362,0.014164,0.000113,-0.000818,-0.001598,0.001074,-0.000862,-0.000341,0.000131,-9.3e-05,0.0,-0.000545,0.000714,0.000627,0.000427,0.0,-0.0003,-4.3e-05,-6.5e-05,-0.001811,-0.008714,0.003839,0.0,-0.000138,0.0,-0.010702,0.001259
ST3273,0.041976,0.043408,0.023926,0.006929,-0.003891,0.076612,0.154621,0.002318,0.000189,0.012911,0.01125,0.001522,0.000606,-0.000584,-0.00133,-2.1e-05,0.000966,-0.000388,9.1e-05,0.002351,-6.5e-05,0.000267,0.000335,-0.001481,4.7e-05,-0.000581,-0.002234,-0.000716,0.00288,0.008163,0.0,0.003827,0.001873,0.000714,0.002424
ST3279,0.041774,0.043408,0.030616,0.01187,0.000876,0.069452,0.082775,-0.001334,-0.000118,0.013677,0.005745,0.000228,0.001633,0.001292,-0.000457,0.000149,4.8e-05,0.000222,-9.5e-05,0.001755,-0.000312,-0.000235,-0.000824,0.000719,-0.000379,-0.000435,0.000374,-0.001787,0.001141,0.035891,-0.001216,-0.000488,-0.001292,0.00144,-2.5e-05
ST3280,0.047836,0.051448,0.02595,0.017278,-0.003107,0.101748,-0.012553,0.021837,0.000887,0.015283,0.002181,-0.000865,0.003798,0.002702,0.001178,0.000189,-0.000123,-0.000178,9e-05,0.001325,-0.001788,0.000632,0.000161,0.001325,-4.2e-05,-1e-05,-0.000258,0.001142,0.001772,0.007877,-0.000596,-0.0002,-0.000297,0.001509,0.002279
ST3283,0.041774,0.043408,0.022773,0.008611,0.00186,0.07584,0.184305,0.020537,0.000475,0.028947,-0.002434,-0.000698,0.001966,-0.00231,-0.000366,-0.000207,0.000405,0.000194,-0.000108,0.001669,0.000756,-0.000534,0.000665,0.000655,-0.001919,-0.000247,-0.000452,-0.000386,0.002987,0.008633,0.0,-0.000231,-3.1e-05,0.000987,0.003829
ST3284,0.041774,0.043408,0.021965,0.008344,0.002279,0.076718,0.207259,-0.002249,0.001569,0.013783,-0.00236,0.003002,0.001186,-0.002523,-0.000645,0.000953,3.8e-05,-0.000423,-6.3e-05,0.000907,0.000233,2.8e-05,0.000519,-0.000784,0.000342,-0.001371,-0.000863,-0.001484,0.003046,0.008115,0.0,-0.000179,-0.000476,0.000611,0.002944
ST3292,0.041774,0.043408,0.021694,0.006254,0.001365,0.075177,0.231649,0.004901,0.000185,0.02122,0.000148,0.000456,0.001001,0.013609,-0.000742,0.002407,0.000505,-0.00056,-0.000372,0.000994,-0.002204,0.000548,-7e-06,-0.000857,-0.000828,-0.000345,-0.00021,0.002407,0.00276,0.007673,0.0,-7.3e-05,5.1e-05,0.000496,0.001852
ST3295,0.041774,0.043408,0.022933,0.007281,-0.008257,0.076998,0.190348,-0.000279,0.000937,0.013549,-0.007497,0.00273,-0.000648,-0.002394,-0.000933,-2e-05,-5.8e-05,0.000524,0.0,0.001143,-1.6e-05,0.000761,0.000112,-0.000886,0.000939,0.000162,-0.000131,0.000615,0.003111,0.00835,0.0,-0.000307,-0.000501,0.000862,0.002964
ST3299,0.041774,0.043408,-0.077042,0.025776,0.001344,0.076749,0.118629,0.006149,0.00116,0.018722,-0.001668,0.001609,-0.00276,0.000367,-0.000206,4.1e-05,-0.000578,5.4e-05,0.0,0.001263,0.000172,0.000513,0.000597,0.000771,0.000135,0.000757,-0.000288,-0.001056,-0.000589,0.004814,-0.000215,-0.000138,-0.000262,-0.0104,0.00024
ST3303,0.041774,0.043408,-0.07811,0.025232,-0.003184,0.081158,0.134115,-0.003513,0.001144,0.008969,-0.001163,-0.001245,-0.001726,0.000537,-0.000392,-0.000503,-0.000143,0.001474,0.000118,0.001432,0.001014,0.000606,-0.000183,-0.001253,9.3e-05,-0.000217,0.000578,-0.000724,-0.00119,0.000888,-0.000215,-0.000138,-0.000262,-0.009745,0.001902
ST3323,0.041774,0.043408,0.022354,0.007467,0.002363,0.07477,0.17064,0.01684,0.002073,0.021652,0.001734,0.004159,-0.000314,-0.001776,0.000101,-2.2e-05,-0.000318,-8.1e-05,8.1e-05,0.000782,-0.000598,0.000103,3.4e-05,0.001175,3.2e-05,-1.3e-05,-0.000141,-0.000496,0.003092,0.008105,0.0,-7.3e-05,-0.000129,0.000541,0.001922
ST3339,0.047836,0.051448,0.024595,0.017377,-0.003077,0.102184,-0.024962,0.022337,0.001138,0.017765,0.00357,0.000749,-0.001689,0.003106,-0.000951,-0.000464,-0.000369,0.000346,-0.000287,0.000266,-0.001588,-0.000625,-0.000178,0.001544,0.0,-0.000341,-0.000193,0.001797,0.00316,0.009755,-0.000596,-0.000615,-0.000297,0.001509,-0.000704
ST3367,0.041976,0.043408,0.020134,0.02053,0.001822,0.075234,0.166994,0.014491,0.000515,0.027527,0.003287,-0.001125,0.001092,-0.001733,-3.9e-05,-0.000381,-0.000189,-0.000369,0.0,-0.020583,-0.00088,9.6e-05,-0.000521,0.001306,-0.000203,6.5e-05,-0.000459,0.000366,0.007637,0.008244,0.0,0.001562,0.000194,0.000787,0.002881
ST3386,0.041774,0.043408,0.02235,0.008472,0.001195,0.074031,0.197159,0.017992,0.002061,0.021056,-0.004608,-0.003541,0.000155,-0.003813,0.000143,0.000281,-0.000546,-0.00043,8.7e-05,0.00026,0.000367,-0.000205,-0.000897,0.000627,0.000848,-0.000105,-0.000375,0.000753,0.003187,0.00881,0.0,-7.3e-05,-8.4e-05,0.00079,0.000975
ST3400,0.041367,0.043408,0.018782,0.004672,0.005147,-0.056805,0.254462,0.011812,0.001373,0.019633,0.004931,0.035904,0.003505,0.018374,-0.000565,-0.002341,0.007148,0.001346,2.8e-05,0.000827,-0.000236,0.000227,0.000647,0.000324,0.000708,0.000129,0.000116,0.006277,0.002103,0.085233,0.007482,-7.3e-05,0.005073,0.0,0.001332
ST3407,0.041774,0.043408,0.031218,0.010797,0.002026,0.092174,0.10053,0.001956,-0.001355,0.010116,0.004374,0.000331,0.000696,0.001277,0.000612,0.001111,-0.000584,0.000241,9.9e-05,0.004118,0.000128,0.0,0.00027,-0.001049,-0.000161,-0.000944,-0.000932,-0.000583,0.002308,0.00294,0.0,-0.000444,-0.000115,0.001739,0.003704
ST3416,0.041774,0.043408,0.02382,0.008263,0.002183,0.076318,0.157723,0.022576,0.001386,0.037029,0.004663,0.004576,0.001134,-0.000787,-0.000115,-0.000914,0.000396,0.000226,0.000328,0.002023,0.000692,-0.000133,-0.000121,0.00143,0.000978,0.000122,8.6e-05,-2.1e-05,0.00275,0.008007,0.0,-0.000138,0.0,0.000791,0.003554
ST3423,0.041367,0.043408,0.01584,0.007729,0.001895,-0.062525,0.178979,0.006726,0.001129,0.015963,-0.001683,-0.004464,0.001107,-0.005447,0.000642,0.000687,-0.002579,-0.000525,0.000199,0.001144,0.000724,0.000372,-7.5e-05,0.0,0.000759,-0.000284,0.000988,-0.001103,0.003096,0.128166,0.004703,-0.000138,0.001724,0.000166,-0.004736
ST3437,0.041774,0.043408,0.022231,0.005247,0.002482,0.07982,0.192998,-0.001856,-0.000836,0.011047,-0.006875,-0.002668,0.000129,-0.004228,0.000513,0.000281,0.000834,0.000235,0.0,0.000489,-0.000249,0.00031,0.000372,0.000599,0.000366,-0.000103,0.000528,0.001522,0.002135,0.009341,0.0,-0.000513,-0.00101,0.000652,-0.003186
ST3441,0.046001,0.049536,0.032164,0.011139,0.000764,0.078512,-0.024754,0.067631,0.007053,0.06442,0.00299,0.00046,0.000404,-3.3e-05,-4.3e-05,0.000317,-0.00012,-0.000215,0.0,-0.006434,-9.2e-05,-0.000156,-0.000406,0.000321,0.000224,0.000144,0.0,0.009933,0.002757,-0.025722,-0.000596,-7.3e-05,0.0,0.001509,0.009539
ST3444,0.041367,0.043522,0.03329,0.007313,0.001547,0.083225,0.152779,0.027528,0.001922,0.038151,-0.004332,-0.003542,0.00059,0.001866,0.000681,0.000346,0.000623,-0.00022,0.000613,0.001784,-0.000347,0.000237,0.00011,0.001327,-0.000277,0.000174,5.4e-05,0.010596,0.0013,-0.025383,0.0,-0.000138,0.0,0.000714,0.004791
ST3446,0.041367,0.043408,0.017895,0.004291,0.002758,-0.058407,0.170084,0.008003,0.002019,0.024443,0.002106,-0.003387,0.001005,-0.005476,0.002727,0.000742,-0.001925,8.2e-05,0.000177,-0.000264,3.4e-05,6.1e-05,0.000286,-0.000197,0.000513,0.000205,-0.001146,0.000495,0.003303,0.119002,0.0048,-0.000138,0.001792,0.000166,0.006133
ST3448,0.041774,0.043408,0.02454,0.007424,-0.004737,0.080669,0.152192,0.008397,0.002548,0.017455,0.006213,0.001002,0.001144,-0.000548,-0.001886,0.000176,-2.4e-05,0.000228,-0.000137,-3.1e-05,0.000689,-0.000114,0.000232,-0.001413,0.000368,0.000265,0.000141,-0.000322,0.002757,0.008733,0.0,-0.000516,-0.000461,0.000464,-0.002495
ST3460,0.041774,0.043408,0.022504,0.008181,0.002156,0.077333,0.190531,-0.001678,0.000354,0.014816,0.011486,0.003597,0.000439,-0.003069,0.000877,0.000509,-0.000207,-2.7e-05,-0.000246,0.001399,0.001471,0.000664,0.000221,0.000782,-0.000225,0.000253,0.00048,0.000157,0.002904,0.008678,0.0,-0.000235,-0.000826,0.000872,0.001951
ST3464,0.041774,0.043408,0.0237,0.007529,0.002445,0.080954,0.145152,0.001015,-0.001137,0.011968,-0.006007,-0.002069,-0.001684,-0.000175,-0.000213,-0.00044,-0.000232,0.000365,9.3e-05,0.0029,0.000783,0.00016,-0.000309,0.001369,-0.000395,3.8e-05,-0.000344,0.001011,0.002382,0.010108,0.0,-0.000549,-0.000559,0.000689,-0.00267
ST3473,0.039764,0.043408,-0.070065,-0.082721,0.000875,0.074356,0.135137,0.006448,0.000644,0.014121,-0.000669,-0.000446,-0.002454,0.001042,0.001461,-0.00061,-4.5e-05,4.2e-05,0.000111,-0.005722,9.7e-05,-0.000295,-0.000404,0.0,-0.000268,-0.000382,0.000207,-0.002614,-0.000731,0.008054,-0.000233,-0.000138,0.0,-0.009652,0.001598
ST3501,0.041774,0.043408,0.02763,0.010418,-0.003181,0.076065,0.118501,0.001651,-3.3e-05,0.013039,0.006525,0.000695,0.000809,0.000326,0.000463,0.000669,0.000405,-5.7e-05,5e-06,0.001545,-0.000107,0.00034,-0.000504,0.001949,-0.000674,-0.00018,0.001021,-0.001025,0.001834,0.021065,-0.000619,-0.000649,-0.00033,0.00144,-0.001423
ST3508,0.041774,0.043408,0.022112,0.009589,0.002363,0.07468,0.218262,0.018071,0.004241,0.023751,-0.002937,-0.000348,0.000476,-0.003178,0.00066,-0.000235,0.000167,0.000474,-0.000168,0.001397,6.9e-05,0.000371,0.000522,0.000627,0.000554,0.000142,-0.000654,-0.000909,0.002895,0.007674,0.0,-7.3e-05,-7.9e-05,0.00079,0.001816
ST3509,0.039764,0.043408,0.025991,-0.093107,-0.000801,0.072173,0.171747,0.013818,0.00477,0.024125,-0.003207,0.000331,0.000343,-0.000813,-4e-05,0.000392,-0.001119,-0.000125,0.0,-0.019383,-0.000121,-0.0001,0.000234,0.0,0.0,0.000308,-0.000103,0.002539,0.00237,0.000287,0.0,-0.000138,0.0,0.001605,0.002997
ST3527,0.041976,0.04385,0.031634,0.016374,-0.006346,0.098999,0.040838,0.017074,0.000483,0.034701,0.002253,0.000879,-0.000909,0.00421,-0.000204,0.000331,-0.000376,-0.000351,0.0,0.002019,0.000449,-0.000521,0.000128,0.000433,0.00029,-0.000296,-0.000151,-0.001651,0.002578,0.006678,0.0,0.007944,0.0,0.001533,0.004918
ST3529,0.042653,0.04648,-0.0374,-0.054008,0.001624,0.032309,-0.040832,0.02196,0.002845,0.039016,-0.000302,-0.000143,-0.004841,-0.007174,-0.000275,-0.000637,-0.000119,-0.000347,0.00058,-0.001785,-0.000154,0.0,-0.000357,0.0,0.000185,0.000252,-0.000812,-0.005705,0.000498,0.025117,-0.000381,-0.000385,-0.00014,-0.005665,0.004997
ST3532,0.047836,0.051448,0.025175,0.016527,-0.002491,0.098458,-0.027099,0.022439,0.001052,0.020308,0.000415,-0.000141,-0.001689,0.002954,0.000943,-4.5e-05,-3.8e-05,-7.1e-05,-0.000103,0.001832,-0.001898,0.000632,-0.000178,0.001325,0.000173,0.000185,9e-06,0.002726,0.001895,0.010295,-0.000596,-0.000588,-0.000297,0.001509,-0.000886
ST3534,0.041774,0.043408,-0.084894,0.016095,0.001205,0.080317,0.230951,0.003747,0.001238,0.011593,0.002221,0.000723,-0.000151,0.006084,-0.000261,7e-06,0.000763,-0.000933,0.0,0.001396,0.00033,0.0,6.3e-05,-0.000564,-0.000363,-0.000556,-0.000243,0.000101,-0.005769,0.004208,-0.000174,-7.3e-05,0.0,-0.007912,0.000126
ST3536,0.047836,0.049423,0.026204,0.015034,-0.004947,0.083617,-0.024604,0.042837,0.001403,0.048169,0.002873,0.00082,0.003413,0.001683,4.2e-05,0.000135,0.0,-0.000324,0.0,0.001106,0.001537,-4.9e-05,-0.000246,0.000927,-0.000177,1.3e-05,0.000356,0.00089,0.003428,0.0097,-0.000596,-0.000104,0.0,0.001777,0.004255
ST3539,0.041367,0.043408,0.018271,0.004114,0.005338,-0.059024,0.253817,0.009795,0.001185,0.017251,0.005402,0.039362,0.00368,0.020478,0.000599,0.001021,0.013758,0.000797,-0.000102,9.9e-05,2.9e-05,0.000227,0.000865,-9.6e-05,0.000587,0.000115,-0.001019,0.005498,0.001859,0.088981,0.007482,-7.3e-05,0.006007,0.0,-0.00151
ST3543,0.041367,0.043522,-0.119678,0.006601,0.000688,0.084986,0.193845,0.025145,0.002981,0.033274,-0.000367,0.000441,-0.000151,0.00025,0.0,-0.002293,0.000346,0.00025,0.0,0.000145,-0.000855,0.0,9.9e-05,0.000448,-1.2e-05,1.4e-05,0.0,-0.014178,0.001084,-0.032274,0.0,-7.3e-05,0.0,0.001855,0.004203
ST3554,0.041774,0.043408,0.030964,0.012048,0.00286,0.101923,0.086245,0.0162,0.003003,0.015485,-0.011679,0.000103,0.000227,0.000735,4e-06,-0.000208,-0.000371,-0.00012,-3.2e-05,0.00361,-0.001052,-5.1e-05,4.9e-05,0.000483,-0.000282,-0.000454,0.000304,-0.000348,0.001095,0.002674,0.0,-0.000235,0.0,0.001739,8.2e-05
ST3555,0.041367,0.043408,0.016543,0.007032,0.00233,-0.053524,0.16063,0.008119,0.001685,0.021719,0.002037,-0.002652,0.001745,-0.004271,-0.00065,-9.9e-05,-0.003591,-0.000226,-0.0,0.000991,0.000729,0.000329,0.000311,-0.000197,-0.000521,0.000176,0.000889,-0.001269,0.002624,0.11984,0.005084,-0.000138,0.001276,0.000166,0.005123
ST3559,0.041976,0.043408,0.021336,0.0075,0.003077,0.076784,0.195533,-0.002495,0.003276,0.015073,0.009418,0.002881,0.000117,-0.003347,0.000498,0.000222,3.2e-05,-0.000126,-0.000246,0.001145,0.000821,0.000432,-0.00041,0.000738,-3.8e-05,9.6e-05,0.000774,-0.000161,0.002839,0.008678,0.0,0.001885,0.001796,0.000872,0.001612
ST3562,0.041774,0.043408,0.021175,0.010069,0.003249,0.08002,0.213814,0.019755,0.004375,0.016982,0.00266,0.001499,0.000516,-0.003183,0.000467,0.000458,0.000975,0.000461,-8.2e-05,0.000889,-0.000224,-0.000373,-1.9e-05,0.000417,-4.6e-05,0.000158,0.000275,-5.9e-05,0.002919,0.008945,0.0,-7.3e-05,0.0,0.000675,-0.004805
ST3569,0.041774,0.043408,0.024715,0.008049,0.002226,0.075248,0.160456,0.016105,0.001497,0.021066,0.00155,0.003216,0.000223,-0.000895,0.000276,-0.00035,7.5e-05,0.000184,-0.000853,0.001349,-0.000851,-0.000506,0.000395,0.001312,0.000176,-0.000111,0.000534,0.000132,0.002933,0.007581,0.0,-0.000188,0.0,0.000464,0.002138
ST3587,0.041367,0.043522,-0.103473,0.009931,0.000714,0.087135,0.137174,0.029764,0.003427,0.035863,5.5e-05,-0.000532,0.000729,0.004493,0.000455,-0.003705,6e-05,-0.000306,0.0,-0.001368,0.000599,5.3e-05,-0.000638,0.000659,-0.000534,-0.000144,-0.00032,-0.005779,0.001389,-0.01875,0.0,-0.000138,0.0,0.003141,0.005665
ST3595,0.041774,0.043408,0.022405,0.007875,0.001864,0.07584,0.210603,0.020732,0.003852,0.031028,0.002774,0.001793,0.001323,-0.002974,3.5e-05,0.000866,0.000276,-0.000409,0.0,0.001022,0.000548,-1.1e-05,0.000197,0.000627,0.000324,-0.000267,0.000581,-0.000551,0.003037,0.008381,0.0,-7.3e-05,0.0,0.001022,0.003937
ST3596,0.041774,0.043408,0.022414,0.007906,0.002917,0.08002,0.204492,0.003213,0.004297,0.01329,-0.003103,0.003025,0.001224,-0.003526,-0.001233,-0.000116,-0.000226,-0.000531,8.4e-05,0.001241,-0.000344,3.9e-05,0.000763,-0.000587,0.000289,-0.00077,-0.000379,-0.000131,0.002823,0.009049,0.0,-0.000179,-0.000136,0.000659,-0.003978
ST3603,0.041774,0.043408,0.0259,0.008935,-0.004615,0.074981,0.144105,0.017033,0.001866,0.022019,-0.008368,-0.003809,0.000758,-0.000134,0.000257,0.000142,-0.000452,0.000134,0.000513,0.001837,-1.9e-05,0.000361,0.000221,0.001896,-0.000904,-4.9e-05,-0.00025,0.000698,0.002499,0.007965,0.0,-0.000188,0.0,0.00053,0.002173
ST3606,0.041976,0.04385,0.030752,0.020866,0.004215,0.097681,0.055371,0.012302,-0.000409,0.028555,0.000341,-0.00027,-0.000964,0.008709,0.00039,8e-06,-0.000257,-0.000109,0.0,-0.022175,-1e-05,-0.000183,0.00013,0.000341,0.000327,2e-05,-0.000458,-0.000149,0.005163,0.004796,0.0,0.004554,0.0,0.001509,0.005347
ST3608,0.041774,0.04385,-0.073299,0.020411,0.002201,0.081524,0.056565,-0.004469,-0.00231,0.00519,-0.005235,-9.5e-05,0.004971,-0.001056,-1.4e-05,0.000151,-0.000164,-0.000648,0.0,0.001041,9.1e-05,5.7e-05,0.000477,0.000559,-0.000508,-0.000191,8.5e-05,-0.001224,0.002757,0.024117,-0.000154,-7.3e-05,-0.000229,0.003764,-0.003514
ST3609,0.041774,0.043408,0.026412,0.008842,-0.00399,0.084526,0.127285,0.015204,0.002176,0.016822,0.005208,-0.000392,0.000608,5.8e-05,0.000357,-0.000168,-0.00084,-0.000458,0.0,0.001723,-0.001181,-0.000292,4.9e-05,0.00205,1e-06,0.000152,0.00016,-0.000394,0.002837,0.00815,0.0,-0.000407,0.0,0.000519,-0.00343
ST3625,0.041774,0.043408,0.023216,0.008548,-0.006182,0.075077,0.164282,0.015919,0.001336,0.02307,0.003651,-0.003311,0.0003,-0.00065,0.000776,0.000349,-0.000949,-0.000461,-1.7e-05,0.001845,-0.000765,0.000193,0.00028,0.001519,-0.000336,-0.000287,0.000145,-0.000449,0.00275,0.008025,0.0,-0.000188,-4.9e-05,0.000464,0.001928
ST3662,0.041774,0.043408,0.023281,0.008813,0.002668,0.076318,0.157241,0.024507,0.001831,0.037367,-0.001098,0.004656,0.000924,-0.000787,-0.000348,-0.000924,-0.001051,-0.000208,-0.000201,0.00142,-0.000851,-0.000133,7.6e-05,0.001364,-0.000207,0.000218,-0.000376,-0.000749,0.00275,0.007879,0.0,-0.000138,0.0,0.000829,0.003211
ST3669,0.041774,0.043408,0.021536,0.005784,0.003439,0.077146,0.209645,-0.002332,0.00018,0.011422,0.006973,0.002952,5e-06,-0.003058,0.000495,-0.000147,0.000408,-0.000122,0.0,0.000611,-0.000211,5.5e-05,-0.000883,-0.000784,-4.9e-05,0.00022,0.000977,-0.001244,0.003111,0.008275,0.0,-0.000179,-0.000545,0.000843,0.00365
ST3681,0.041976,0.043408,0.021733,0.015265,0.0022,0.075234,0.198194,0.008248,-7.9e-05,0.023377,0.007236,-0.000458,0.001121,-0.002541,0.000919,-0.000313,-0.000459,-0.000316,0.0,-0.013979,-0.000268,-0.000811,0.000308,0.000548,-0.001268,-0.000568,0.000747,-0.000961,0.00719,0.008377,0.0,0.001562,0.000622,0.00094,0.003247
ST3697,0.041367,0.043522,-0.075601,0.008926,0.000789,0.082105,0.196738,0.03119,0.008793,0.041173,0.000548,0.000885,-0.000151,0.002355,0.000779,0.00181,-7.4e-05,0.000554,0.0,0.000392,-0.0005,0.0,0.0,0.000448,0.000438,-0.000302,-9e-05,0.002206,0.001737,-0.032418,0.0,-7.3e-05,0.0,0.001855,0.005026
ST3712,0.041367,0.043522,0.031654,0.00651,0.001383,0.081558,0.194221,0.023492,0.004216,0.032636,0.005156,0.001336,0.001223,0.001049,-0.00028,0.000847,0.00011,0.000879,8.1e-05,0.000939,-0.000102,0.000392,-0.000497,0.000837,0.000473,0.000387,0.000404,0.009828,0.001804,-0.032285,0.0,-7.3e-05,-3.1e-05,0.000841,0.006134
ST3736,0.041367,0.043522,-0.072948,0.013525,-0.001606,0.091751,0.10076,0.022063,0.004326,0.028784,0.002953,0.000524,0.001681,-0.000557,-0.000698,0.000646,0.000449,-6.9e-05,-9.6e-05,0.000753,-8.7e-05,-0.000511,0.000306,-0.00071,0.000192,0.000322,-0.000374,-0.000576,0.001364,-0.021218,0.0,-0.000138,0.0,0.003396,0.010066
ST3739,0.041774,0.043408,-0.088951,0.018342,0.002263,0.080712,0.190126,0.008683,-0.00117,0.011946,-0.001328,0.000112,-0.00036,-0.000688,0.000749,-0.000276,0.000819,-0.001116,0.000118,0.001696,0.000946,6.4e-05,-0.000221,0.000805,0.000362,1.4e-05,-0.00035,-0.001393,-0.005752,0.002162,-0.000494,-0.000138,0.0,-0.00791,0.000126
ST3744,0.041774,0.043408,0.031275,0.013585,-0.000392,0.108038,0.06229,0.015816,0.008129,0.014769,0.003636,0.001736,0.002785,0.007649,-0.000276,0.0,0.000553,0.000311,-0.00013,0.003162,-0.000193,1.6e-05,-5.2e-05,0.000748,0.000163,-0.000688,-0.000521,0.000163,0.001804,0.002225,0.0,-0.00012,0.0,0.001235,-0.000149
ST3760,0.045951,0.050241,-0.049475,0.015315,-0.001161,0.038563,-0.057125,0.040088,0.00775,0.054101,-0.002387,-0.000981,0.004119,-0.005643,0.00023,0.000481,-0.000117,-0.000306,-3.6e-05,-0.000197,-1.6e-05,0.000159,0.000147,0.00017,-0.000264,-0.000289,0.0,0.001123,0.001857,0.021759,-0.001078,-0.000125,0.0,0.003382,0.010097
ST3789,0.041774,0.043408,0.023033,0.009594,0.002172,0.075248,0.162414,0.016572,0.001636,0.021419,0.000107,0.002862,0.000179,-0.000895,0.000139,0.00011,-2.3e-05,6.2e-05,-0.000691,0.001501,-0.000331,0.000529,0.000635,0.00143,0.000261,-0.000231,-0.000635,-0.00032,0.002873,0.007633,0.0,-0.000188,0.0,0.000493,0.002101
ST3804,0.041774,0.043408,0.021772,0.007397,0.002661,0.07477,0.202232,0.018695,0.004934,0.021896,-0.003863,-0.000818,-0.000136,-0.003178,-0.000712,8.8e-05,3.2e-05,0.000398,-3e-05,0.001094,-0.000683,8e-05,-0.000144,0.000627,0.001367,0.000118,0.000261,-0.001157,0.00317,0.007825,0.0,-7.3e-05,0.0,0.00079,0.001666
ST3805,0.041774,0.043408,0.022337,0.008563,0.001603,0.075921,0.194949,0.019345,-0.000641,0.020228,0.00487,0.001951,-0.001543,-0.002898,-0.000357,-0.000246,-0.000712,6.9e-05,3.2e-05,0.000833,-0.000652,0.000189,0.00126,0.000861,0.000303,-0.000135,0.000219,-0.001257,0.003102,0.008125,0.0,-0.000231,-8.5e-05,0.001022,0.001372
ST3825,0.04355,0.045584,0.030069,0.011163,0.005018,0.074051,-0.019334,0.070379,0.007608,0.067348,0.00311,0.000419,0.000638,3.5e-05,0.000151,0.000317,-0.000773,0.000986,0.0,-0.005912,0.00035,0.000175,-0.000406,0.0,0.000224,0.000351,-6.5e-05,0.009592,0.002827,-0.025912,-0.000787,-7.3e-05,-0.000158,0.001509,0.007088
ST3840,0.042495,0.04385,0.032893,0.015655,0.00235,0.075229,0.027858,0.025066,0.007062,0.024846,0.007235,0.000784,0.003924,-0.004743,-0.000168,-0.000266,-0.000255,0.00109,0.0,0.002063,-3.7e-05,0.000126,-0.000296,0.000125,0.000504,-0.000242,0.000109,0.001123,0.002764,0.030337,-0.000376,-7.3e-05,-0.000434,0.001235,0.000403
ST3850,0.041367,0.043408,0.023166,0.009044,-0.006893,0.075799,0.178998,-0.004684,0.000592,0.023292,0.008181,0.002067,0.000619,-0.001365,-0.000786,0.001104,0.00136,0.000225,0.0,0.001808,-0.000138,0.000153,-0.000179,-0.001613,-0.000261,0.001568,-0.001643,-0.00064,0.002542,0.008277,0.0,0.000862,0.001938,0.000758,0.002755
ST3860,0.041367,0.043522,-0.07913,0.007823,0.000483,0.083537,0.170396,0.026368,0.003334,0.037573,0.00073,0.000676,0.000138,0.001405,0.001748,0.001787,0.000652,0.000508,0.0,-0.000319,0.000537,-0.000407,0.000346,0.00033,-0.000193,-0.000323,0.000541,0.000794,0.001852,-0.025381,0.0,-0.000138,0.0,0.001935,0.004862
ST3865,0.041774,0.043408,0.021979,0.005831,0.002661,0.07477,0.19999,0.018594,0.004705,0.024736,-0.003581,-4.2e-05,-0.000569,-0.002997,0.000547,-3.8e-05,8.1e-05,-0.000133,3.4e-05,0.000458,-0.000161,0.000173,-0.001853,0.000627,-0.000985,-0.000158,8.6e-05,-0.001595,0.002978,0.008002,0.0,-7.3e-05,-3.1e-05,0.00079,0.001765
ST3874,0.041774,0.043408,0.02168,0.004509,0.001202,0.075547,0.23177,0.006881,0.000736,0.01479,0.004143,0.0008,0.000103,0.013926,0.000875,-0.001423,0.000322,0.0004,0.001226,0.000676,-0.000127,-0.000506,2.1e-05,-0.000909,-0.000623,-0.000169,0.000249,0.0009,0.00276,0.007812,0.0,-7.3e-05,5.1e-05,0.000794,0.001701
ST3876,0.041774,0.043408,0.022909,0.007427,0.002843,0.077924,0.162224,0.000686,-0.000351,0.015477,0.009849,0.00409,0.000943,-0.000947,-0.001133,-0.000591,-0.000516,0.000631,0.0,0.00128,0.000197,1e-05,-0.000153,-0.001356,-0.000264,-0.000889,-0.001201,-0.000228,0.002611,0.008407,0.0,-0.000444,-0.000843,0.000714,0.00238
ST3883,0.045745,0.05366,-0.054585,0.016427,-0.001127,0.038861,-0.059873,0.040952,0.006822,0.048122,-0.00245,-0.001042,0.004119,-0.005643,0.00023,0.00102,-0.000296,0.000186,-3.6e-05,-0.000197,2.2e-05,0.0,0.000147,0.00017,0.000468,-0.000378,0.0,-0.000615,0.001857,0.021824,-0.000991,-0.000125,0.0,0.002947,0.010357
ST3895,0.041976,0.04385,0.030987,0.014053,0.00186,0.106608,0.054084,0.002489,-0.00031,0.013427,0.003966,0.00144,-0.000884,0.004892,-0.001562,-0.001003,-0.00032,-0.000258,9e-05,0.002622,-0.001696,0.000581,-0.000668,0.000341,3.7e-05,-0.000542,0.000383,-0.002854,0.001792,0.004368,0.0,0.008736,0.000194,0.001533,-0.001015
ST3896,0.041367,0.043408,0.01783,0.003161,0.005325,-0.059024,0.251385,0.010084,0.001462,0.017898,0.004271,0.038903,0.003885,0.018387,-0.00147,-0.001623,0.016613,0.000201,-0.000102,-0.000197,-0.000222,-0.000456,0.000499,0.0,-0.002682,-0.000297,0.000714,0.004856,0.001859,0.089227,0.007702,-7.3e-05,0.005836,0.0,-0.00156
ST3899,0.041774,0.043408,-0.073347,0.028247,-0.003169,0.074471,0.107517,0.002529,0.000807,0.012709,-0.001168,-0.002015,-0.003311,0.000932,0.000215,0.000308,0.001219,0.000338,-0.000122,0.001384,0.000946,0.001046,0.0003,-0.000868,0.000531,-0.000309,0.00042,-0.000383,0.001249,0.00803,-0.000452,-0.000274,0.0,-0.00985,0.004562
ST3902,0.041367,0.043408,0.024634,0.010556,-0.003979,0.076218,0.148543,-0.005179,0.000432,0.022288,0.007045,0.001227,0.000714,-7.3e-05,-0.001866,-0.000317,0.001165,0.000293,9.1e-05,0.002683,-0.000386,0.000172,0.000159,-0.001494,0.000206,0.000149,-0.000749,-5.1e-05,0.002394,0.008136,0.0,0.001896,0.000941,0.000758,0.002689
ST3903,0.041367,0.043522,-0.119512,0.008344,-0.000229,0.086648,0.191973,0.025354,0.005224,0.034098,-0.000494,-0.001238,-0.000151,0.00025,-0.0001,0.000309,-0.000651,0.000162,0.0,0.000111,0.000461,0.0,0.0,0.000448,-1.2e-05,0.000144,0.0,-0.01469,0.001084,-0.031846,0.0,-7.3e-05,0.0,0.001855,0.004203
ST3911,0.04749,0.050645,-0.058012,0.017578,-0.000735,0.051713,-0.020658,0.017601,-0.001376,0.015607,-0.001931,0.000531,0.006071,-0.003742,-5.8e-05,-0.000306,-0.000244,0.000235,0.0,-0.000153,0.000118,-7e-05,-0.00024,0.00017,0.0,0.000322,0.000272,0.003669,0.002294,0.035387,-0.00071,-0.000126,0.0,0.00264,-0.001959
ST3921,0.041367,0.045606,0.016239,0.006459,0.00165,-0.058314,0.167517,0.012507,-0.000856,0.016591,-0.00083,0.033376,0.000494,-0.009098,0.000581,-0.000664,0.000979,7.5e-05,3.2e-05,0.001222,-0.000297,-0.000154,-0.000274,-0.000302,-0.000629,-0.000712,0.000126,-0.003067,0.003717,0.096411,0.003688,-0.000138,0.002405,0.000166,0.006452
ST3925,0.041774,0.043408,-0.083109,0.015658,0.000147,0.074889,0.127469,0.031418,0.001474,0.04075,0.001688,0.00144,0.000845,0.000497,-0.000355,0.002038,-0.000677,0.001656,0.0,0.000517,0.000691,0.000294,-0.000238,0.001284,-0.000657,0.000629,-0.000143,0.000303,0.003329,0.000128,0.0,-0.000138,0.0,0.003387,0.003537
ST3950,0.041774,0.043408,0.022569,0.00574,0.001714,0.075707,0.204767,0.004643,0.000503,0.01671,0.010452,0.003343,-3.8e-05,0.013808,-0.000104,-0.000697,0.000945,0.000396,-9e-05,0.000749,-0.000412,3.1e-05,0.000288,-0.000459,0.000491,0.000147,-0.000396,0.002199,0.002643,0.007992,0.0,-0.000128,-0.000153,0.000843,0.002923
ST3952,0.041976,0.043408,0.032033,0.009862,-0.001858,0.089623,0.112027,0.003999,0.000216,0.013938,0.007426,0.002103,0.000773,-0.000392,-0.000682,-7e-06,0.000637,-0.000146,3.8e-05,0.00336,0.001211,0.000168,0.00012,-0.001673,-3.1e-05,0.000254,0.002856,0.000889,0.002633,0.004294,0.0,0.004707,0.000388,0.001684,0.00348
ST3960,0.041774,0.043408,0.029815,0.020082,0.000756,0.071569,0.111525,0.01488,0.002763,0.017979,-0.000332,-0.001471,0.001168,-0.000486,-0.000629,0.000215,0.000973,0.00063,0.000117,-0.021631,5.3e-05,0.000262,-0.000205,0.001738,-1.5e-05,0.0003,-0.00055,-0.000484,0.00499,0.020353,-0.000175,-0.000195,-0.000436,0.001575,0.001628
ST3964,0.041976,0.043408,0.032627,0.013261,0.000819,0.102974,0.065204,0.002811,-0.002123,0.012507,0.003356,0.00221,-0.000851,0.005027,0.000677,7.8e-05,0.00036,-9.9e-05,0.0,0.003345,7.6e-05,8e-05,-0.000272,-0.000824,-7.5e-05,9.7e-05,-0.001853,0.000225,0.002552,0.003412,0.0,0.00779,0.000128,0.001533,0.004482
ST3997,0.041774,0.043408,0.024888,0.009879,-0.003955,0.079392,0.134656,0.001454,-0.00014,0.012159,0.007073,9.9e-05,-0.000518,0.000292,0.000644,-0.000153,0.000993,2.7e-05,-0.000206,0.00275,-0.000344,-5.9e-05,-7.2e-05,0.001949,1.3e-05,-0.000202,0.000795,-0.001027,0.002283,0.013596,-0.000175,-0.000528,-0.000384,0.000471,-0.002814
ST3998,0.041367,0.043522,0.037581,0.007898,0.000959,0.085618,0.12293,0.018049,0.002251,0.030293,0.001195,-0.00191,0.00035,0.002112,7e-05,-0.000232,0.001058,0.000893,-6e-05,0.002393,-0.000171,-0.00041,-0.000443,-0.001625,5.3e-05,0.000299,-0.001047,0.006966,0.00142,-0.022929,0.0,-0.000244,0.0,0.001259,0.005573
ST4000,0.041774,0.043408,0.021946,0.005221,0.003017,0.08002,0.194837,0.002342,0.003126,0.013434,-0.002805,0.002276,0.001224,-0.003327,0.000429,-0.000239,6.2e-05,-0.000128,-4e-06,-0.000682,-5e-05,-0.000547,-0.000597,-0.000648,-0.000107,-0.001075,0.000449,-0.000967,0.002823,0.009049,0.0,-0.000179,-0.000598,0.000659,-0.003741
ST4001,0.041367,0.043408,0.021208,0.005966,0.003116,0.075801,0.188618,-0.007921,0.000371,0.022443,0.009664,0.002368,0.000316,-0.002508,-0.001185,-0.00012,-0.000405,4.2e-05,0.000147,0.000858,-0.000681,0.000292,-9e-06,-0.001098,0.000474,-0.000513,-0.002132,-0.000591,0.002625,0.008476,0.0,0.000514,0.001488,0.000783,0.002486
ST4010,0.041774,0.043408,0.021608,0.008044,0.002994,0.07664,0.208092,-0.001648,-0.000158,0.01267,0.011753,0.003161,0.00108,-0.003616,0.000782,-0.000511,-5.7e-05,-0.000427,7.7e-05,0.001616,0.000457,3.1e-05,-0.00035,-0.00072,0.00037,0.000298,-0.000647,0.001591,0.00369,0.00902,0.0,-0.000179,-0.000257,0.000544,0.002382
ST4016,0.041367,0.043408,0.019901,0.003177,0.004719,-0.060666,0.245071,0.009816,0.001351,0.016896,0.005258,0.03994,0.003505,0.019767,-0.000857,-0.002616,-0.002068,0.001544,2.8e-05,-7e-05,-0.000282,-0.000456,0.000506,0.0,0.000933,-5.4e-05,0.000624,0.004912,0.001933,0.091612,0.007721,-7.3e-05,0.006007,0.0,-0.002057
ST4017,0.041774,0.043408,0.022855,0.009016,-0.004783,0.080669,0.152124,0.0085,0.002846,0.016499,0.001107,0.000896,0.001213,-0.000548,-0.002079,-0.000614,1.6e-05,-0.000133,0.0,0.002649,-0.000217,0.000321,-7.3e-05,-0.001296,-0.000115,-6.6e-05,-0.000377,-0.000941,0.002711,0.00876,0.0,-0.000516,-0.000461,0.000464,-0.002768
ST4018,0.041976,0.045606,0.023962,0.007518,0.002542,0.075674,0.147172,0.001399,-0.002413,0.014242,0.002286,-0.000857,0.000924,-0.000508,-0.000681,-0.000454,8.5e-05,-0.000372,0.0,0.002734,-5.6e-05,-7.6e-05,0.000122,-0.001565,0.000563,6.7e-05,-0.001341,0.000499,0.002608,0.007627,0.0,0.005232,0.001802,0.000822,0.002048
ST4023,0.041774,0.043408,-0.083461,0.012685,0.000657,0.073376,0.119015,0.028241,1.4e-05,0.040084,-0.002136,-0.002095,0.001239,0.000324,-0.000858,-0.002305,4.6e-05,-0.000836,3.1e-05,-0.001056,-0.001182,-0.000595,-6.1e-05,0.001124,-0.000695,-0.000598,0.000179,-8.1e-05,0.003412,0.003389,0.0,-0.000138,0.0,0.003221,0.002904
ST4031,0.046001,0.049536,0.032684,0.009604,-0.005528,0.076093,-0.031389,0.063967,0.005604,0.061599,0.003294,0.000591,0.000638,-0.0006,-0.000507,0.000651,0.000101,0.000394,0.0,0.001252,0.001151,0.000175,-0.000406,0.000321,0.000365,2.4e-05,0.0,0.009496,0.002315,-0.02631,-0.000596,-7.3e-05,0.0,0.001509,0.009018
ST4047,0.041976,0.043408,0.022042,0.007809,0.003281,0.076784,0.191831,-0.001633,0.000308,0.013133,0.009209,0.002798,0.000169,-0.003069,0.000725,0.000967,0.000167,0.000101,-0.000246,0.000941,0.000904,-0.000569,0.000171,0.001104,0.000277,0.000142,0.001735,0.000111,0.002904,0.008678,0.0,0.002062,0.002034,0.000872,0.001799
ST4070,0.045951,0.051947,-0.044199,0.030544,-0.002748,0.036393,-0.046108,0.020303,0.001522,0.030372,0.000731,-0.00236,-0.00332,-0.00525,-0.000201,0.000246,-0.000233,-0.000129,0.000102,0.001556,-0.000487,-0.000139,0.0,-0.000189,0.000129,0.000322,6.2e-05,3.3e-05,-0.001363,0.029348,-0.000951,-0.000419,0.0,-0.007496,0.006639
ST4072,0.041774,0.043408,0.02281,0.00847,0.002333,0.07584,0.200692,0.021923,0.002022,0.031612,-0.000509,0.002869,0.001752,-0.002743,0.000486,0.000321,-0.000437,0.000689,8.1e-05,0.000699,0.000676,-0.000602,-0.000543,0.000627,0.001203,0.000291,-0.000438,-0.000257,0.002987,0.008418,0.0,-7.3e-05,-3.1e-05,0.001089,0.004477
ST4074,0.041774,0.043408,0.022064,0.007652,-0.006651,0.08002,0.185418,0.018429,0.003892,0.016652,0.003166,0.0005,-7.3e-05,-0.00221,0.000776,0.000238,0.000473,0.000573,3.2e-05,0.00196,0.000483,0.000186,0.000646,0.000917,-0.00011,0.000119,0.000857,-0.000677,0.002868,0.009064,0.0,-0.000129,-0.000123,0.000574,-0.004408
ST4076,0.041774,0.043408,0.021469,0.007449,0.00138,0.08002,0.192397,0.018175,0.002494,0.013915,0.003593,0.001452,9.1e-05,-0.003188,0.000306,0.000374,-0.001066,-0.000336,-0.000151,0.001482,-3.1e-05,-0.00012,0.001322,0.000524,-0.000382,-6.6e-05,0.000786,-0.000273,0.002801,0.008914,0.0,-7.3e-05,-8.5e-05,0.000675,-0.004783
ST4080,0.042864,0.046254,-0.029122,-0.050067,-0.000172,0.031461,-0.042706,0.022502,0.000688,0.040021,0.000143,-0.000252,-0.004786,-0.008095,-9.4e-05,0.000604,4.7e-05,-0.000731,0.000477,-0.002665,0.000174,-7.4e-05,-0.00015,0.0,-4.8e-05,0.00013,-8.7e-05,0.001965,-0.002107,0.02642,-0.000441,-0.000308,-5.8e-05,-0.00649,0.005284
ST4093,0.041976,0.043408,0.023796,0.008476,-0.005842,0.075217,0.169339,0.011414,0.001062,0.031177,0.006245,0.003906,0.000784,-0.001307,-0.000175,-0.000433,0.001268,0.000321,0.0,0.001635,0.000142,5.7e-05,-0.000598,0.001512,0.000565,-0.00052,0.000733,0.000473,0.002883,0.008244,0.0,0.001736,0.000876,0.000812,0.003538
ST4110,0.041774,0.043408,-0.07747,0.024675,0.002473,0.079637,0.127555,0.000815,0.001497,0.012609,-0.000646,0.001254,-0.002611,0.000431,0.000792,-0.00044,2.7e-05,-0.000686,0.0,0.001229,-0.000701,-0.000463,0.000133,-0.001092,0.001142,0.00075,0.000711,-0.000352,-0.000308,0.002609,-0.000215,-0.000138,-0.000262,-0.009745,0.000683
ST4113,0.041774,0.043408,0.022947,0.007698,0.002246,0.07584,0.178334,0.020901,0.00377,0.032652,-0.0017,0.003725,0.002,-0.002178,0.000182,0.001031,0.000104,-0.000276,0.0,0.000984,0.000235,0.001036,0.00054,0.000927,-0.001901,-0.000103,-4.1e-05,-0.000332,0.002987,0.008468,0.0,-7.3e-05,-3.1e-05,0.000931,0.004563
ST4138,0.041774,0.043408,0.022247,0.008322,0.001911,0.074689,0.198854,0.017818,0.002387,0.021398,0.005842,0.002574,-0.000177,-0.003508,-0.000276,0.00092,-0.000529,-0.000275,0.0,0.001226,0.000312,0.000403,0.000695,0.000627,-0.000448,-7e-05,-0.00061,0.00208,0.003615,0.009693,0.0,-7.3e-05,0.0,0.000724,0.001298
ST4139,0.041774,0.043408,0.021885,0.004855,0.001772,0.074818,0.208104,0.019851,0.001583,0.029145,-0.000963,-0.001397,0.000387,0.012982,-0.000145,0.000201,8.2e-05,-0.000214,7.6e-05,0.000478,-6.5e-05,-0.000469,-7.9e-05,0.000406,0.00206,-0.000399,0.000352,0.002141,0.002669,0.008075,0.0,-7.3e-05,-2.8e-05,0.000925,0.002094
ST4142,0.045951,0.051131,-0.058561,0.016637,-0.000308,0.049741,-0.022051,0.016152,-0.001704,0.013077,-0.005151,-0.000918,0.005556,-0.003857,0.000341,-0.000384,0.000684,-9.9e-05,0.0,0.000183,8.5e-05,4.4e-05,0.000219,0.00013,-0.000238,-0.000139,0.000257,0.0024,0.002266,0.03066,-0.001053,-0.000126,-0.000198,0.002719,-0.001959
ST4143,0.043092,0.049147,-0.055434,0.012743,-0.001269,-0.019807,-0.019797,0.037592,-0.000416,0.054179,-0.000121,0.00084,0.00506,0.001222,-0.00046,0.001689,-0.000367,-0.000747,0.0,-9.1e-05,-0.000121,0.000542,-0.000169,-0.000231,-0.000712,0.000193,0.0,0.001146,0.001949,0.058236,-0.001137,-0.000104,-0.000239,0.001844,0.008687
ST4157,0.041367,0.045606,0.016239,0.006368,0.00165,-0.058314,0.165063,0.012229,-0.000856,0.016232,-0.000457,0.033444,0.000494,-0.009098,0.000483,0.000253,0.001375,-8e-05,-0.000102,0.000967,0.000401,-0.000237,-0.000274,-0.000302,0.000809,0.000881,0.000107,-0.003252,0.003717,0.096411,0.003688,-0.000138,0.002405,0.000166,0.006452
ST4158,0.041774,0.043408,0.022243,0.006134,0.00383,0.077146,0.203378,-0.002441,8.9e-05,0.012843,0.006234,0.002524,2.2e-05,-0.003204,0.000133,-0.000426,-0.00027,-8.2e-05,0.0,0.000658,-0.000432,0.000181,-0.000123,-0.000846,0.000173,-3e-06,0.00044,-0.000108,0.002993,0.008275,0.0,-0.000179,-0.00067,0.000843,0.003393
ST4168,0.041976,0.043408,0.022023,0.016437,0.001605,0.075234,0.191991,0.018126,0.000297,0.02751,0.002284,0.000204,0.001555,-0.002295,0.000545,-0.000869,-0.00052,0.000493,0.0,-0.012586,-0.000918,0.000672,-0.000948,0.000655,0.000445,-0.000479,0.000167,-0.000106,0.006871,0.008439,0.0,0.001721,0.000165,0.000969,0.003748
ST4181,0.039764,0.043408,-0.059841,-0.065644,0.000861,0.067442,0.098726,0.008071,0.001592,0.015779,0.000388,2e-06,-0.005419,0.000821,0.003738,-0.000505,0.000263,-0.000257,-0.000271,-0.001997,0.00021,0.000327,-0.00018,0.0,0.000116,-0.003156,-8.6e-05,-0.001745,-0.007502,0.013402,-7.1e-05,-0.000315,0.0,-0.008901,0.006157
ST4188,0.041367,0.043408,0.027031,0.007955,-0.003837,0.079931,0.136516,-0.004433,0.001287,0.023093,0.005485,0.00096,0.001547,-6.1e-05,-0.001885,-0.000355,0.000428,4.6e-05,3.8e-05,-0.000169,-0.000662,0.000219,8.8e-05,-0.001685,0.000192,-0.000764,0.002217,0.000144,0.00244,0.007167,0.0,0.001704,0.000761,0.000758,0.002358
ST4192,0.041774,0.043408,0.022493,0.007886,0.001328,0.075921,0.194558,0.019715,-0.000699,0.020451,0.003894,0.001925,-0.00189,-0.002898,-0.000611,0.000246,-0.000655,-0.000649,3.2e-05,0.00044,-0.000145,0.000268,-0.001536,0.000734,-0.000499,1.7e-05,0.000471,-0.000533,0.003102,0.00805,0.0,-0.000231,-8.5e-05,0.001022,0.001372
ST4193,0.041774,0.043408,0.022381,0.007924,0.002627,0.07477,0.198104,0.01833,0.002258,0.020286,-0.00488,-0.000459,-0.00046,-0.003178,4.6e-05,-0.000147,0.000457,0.000154,5.5e-05,0.000361,0.000563,-6.1e-05,0.001228,0.000627,-0.001261,0.000347,9.3e-05,0.000105,0.002948,0.007868,0.0,-7.3e-05,-3.1e-05,0.00079,0.001631
ST4196,0.041774,0.043408,0.02106,0.010579,0.001315,0.07605,0.23628,0.001543,0.000518,0.012406,0.003203,0.000353,-9.8e-05,0.014046,-0.002042,-0.002003,-0.000747,-1e-06,-0.000749,0.001006,0.000424,0.000844,-0.000564,-0.000785,-7.8e-05,0.000302,-0.000726,0.001557,0.002553,0.008376,0.0,-7.3e-05,5.1e-05,0.000794,0.001088
ST4213,0.041774,0.043408,0.025998,0.009313,-0.003683,0.079392,0.13049,0.001799,-4e-06,0.011792,0.007257,5.8e-05,-0.000752,0.000398,0.000826,-2.5e-05,-7.8e-05,-0.000106,0.000399,0.00183,-0.000526,-0.0,-0.00066,0.001949,-0.000397,-0.000354,0.001084,-0.002147,0.002409,0.013709,-0.000175,-0.000596,-0.000188,0.000859,-0.002827
ST4222,0.041774,0.043408,0.020294,0.008774,0.003015,0.080859,0.157763,0.000332,-0.002192,0.008558,0.004613,0.001228,-0.002812,0.000117,-0.00056,-0.000456,-0.000322,-0.000585,-0.000246,0.002546,-8e-05,4.2e-05,0.000338,0.001414,-0.00023,0.000445,0.000336,-0.002584,0.002235,0.009219,0.0,-0.00042,-0.000647,0.000416,-0.003569
ST4238,0.041774,0.043408,0.02151,0.005971,0.003255,0.07664,0.194976,-0.002289,0.000578,0.012638,0.012141,0.003248,0.00098,-0.003616,1.6e-05,3.2e-05,0.000193,8e-05,-0.000246,0.000783,-0.001245,0.00055,-0.00025,-0.000846,-0.000261,-0.000442,-0.001222,0.001491,0.003981,0.00888,0.0,-0.000235,-0.000546,0.000544,0.002442
ST4247,0.041774,0.043408,0.022512,0.008525,0.002721,0.07477,0.202674,0.01828,0.004094,0.021147,-0.004377,-0.000792,-0.000136,-0.003178,-0.000396,6.8e-05,-0.000134,0.000109,5.5e-05,0.00107,0.000874,0.0,0.001052,0.000627,0.001564,0.0002,-0.000325,-0.000519,0.00317,0.007767,0.0,-7.3e-05,0.0,0.00079,0.001699
ST4255,0.041774,0.043408,-0.07316,0.028265,-0.002607,0.075505,0.097622,-0.001464,-0.000814,0.009396,-0.002365,-0.001519,-0.003316,0.000965,-0.000742,-0.000268,-0.000953,-0.000673,-0.000114,0.001664,-0.000478,0.000545,-0.000119,-0.000868,7e-05,-0.000969,-0.000475,0.000324,0.001053,0.00803,-0.000452,-0.000274,0.0,-0.009869,0.005591
ST4264,0.041774,0.043408,0.021257,0.010037,0.003249,0.08002,0.210347,0.019567,0.004551,0.015002,0.002807,0.001693,0.000479,-0.003335,-0.000121,-9.1e-05,0.001229,-0.000641,-8.2e-05,0.000637,0.000408,-0.000628,0.000718,0.000548,-2.2e-05,-0.000379,-0.000169,0.000481,0.002919,0.009004,0.0,-7.3e-05,0.0,0.000675,-0.004702
ST4282,0.041774,0.043408,0.030467,0.012004,0.003879,0.104413,0.071334,0.016417,-0.000864,0.024027,0.003417,0.001687,0.00244,0.008545,-0.000748,0.000178,0.00041,-0.000782,-6e-05,0.002445,-0.001008,0.000904,-6.6e-05,0.00052,-9.8e-05,-0.000696,-0.000154,-0.001255,0.001496,0.002156,0.0,-0.000177,0.0,0.001533,0.004137
ST4305,0.041774,0.045606,0.020831,0.008201,0.003031,0.07988,0.162927,-0.000261,-0.003673,0.007347,0.000654,0.001066,-0.001222,-0.001616,-3.5e-05,0.000203,0.001513,-0.000539,0.000198,0.002678,0.000578,6.1e-05,0.000258,-0.001401,-0.000759,-0.000568,0.00021,0.000774,0.002638,0.010798,0.0,-0.000401,-0.000589,0.000416,-0.003796
ST4307,0.041774,0.043408,0.023253,0.006101,0.0026,0.075487,0.156253,0.015562,0.001579,0.02092,0.002557,0.004593,0.000217,-0.000672,0.000395,0.000308,-0.000899,-0.000404,-0.000737,0.001645,-0.000763,0.00061,0.000296,0.001335,0.000294,-0.000632,0.000284,-0.000184,0.002911,0.007858,0.0,-0.000188,0.0,0.000464,0.002344
ST4315,0.041774,0.043408,0.028754,0.009489,-0.002834,0.090868,0.116715,0.007637,0.002835,0.017801,0.002838,0.000362,0.001738,-0.000113,-0.00126,-0.000136,-0.000668,-0.001292,0.0,0.001724,0.000354,-0.000611,0.000153,-0.0018,-0.000177,-3e-05,-0.000287,1.7e-05,0.002369,0.005837,0.0,-0.000388,-5.6e-05,0.001489,-0.002334
ST4324,0.039764,0.043408,0.024847,-0.094916,-0.000501,0.071244,0.177048,0.014262,0.004376,0.02354,-0.00359,-0.001314,0.000286,-0.000622,0.000282,-4.8e-05,-0.000945,-0.00047,0.0,-0.022005,0.000234,2.9e-05,-0.000278,0.0,8.4e-05,-1e-05,0.000277,-0.001093,0.002075,0.007523,0.0,-0.000138,0.0,0.001439,0.00246
ST4336,0.041367,0.043522,-0.081564,0.012817,-0.000806,0.087844,0.132599,0.032727,0.000944,0.040452,-0.002011,-0.001134,0.001019,0.001215,-0.000929,-0.00341,-0.000433,-0.000864,0.0,0.000485,0.000547,-0.000399,-0.000449,0.000659,0.000333,0.000333,-0.000191,0.001034,0.001696,-0.019209,0.0,-0.000138,0.0,0.003141,0.006421
ST4338,0.041774,0.04385,0.031443,0.014567,0.003345,0.105688,0.05446,0.003169,-0.000574,0.014944,-0.006003,-0.002371,-0.000212,0.005949,0.000254,-3.6e-05,-0.000143,9.4e-05,-0.000135,0.001284,0.000297,0.000397,0.000386,9.9e-05,5e-06,0.000591,0.000303,-0.001066,0.002476,0.004392,0.0,-0.00041,-0.000162,0.001533,-0.000714
ST4348,0.041774,0.043408,0.02274,0.010592,0.001491,0.074028,0.240923,0.010586,0.004351,0.022133,3.7e-05,0.000388,0.001105,0.013206,0.000251,-0.000482,-9.6e-05,-0.000629,-8.1e-05,0.000895,-0.001284,0.00026,0.000152,-0.000785,0.001096,-0.00018,8.2e-05,0.001802,0.002797,0.00783,0.0,-7.3e-05,5.1e-05,0.000496,0.001744
ST4356,0.041976,0.043408,0.032455,0.008467,-0.002479,0.095662,0.094444,0.003718,-1.3e-05,0.013123,0.007114,0.001522,0.000491,-0.001495,6.8e-05,-0.000168,-0.000883,-6.3e-05,7.5e-05,0.001758,0.000277,0.00029,-6.5e-05,-0.001112,-7.1e-05,0.00033,0.000312,0.001169,0.002513,0.003127,0.0,0.004441,0.000344,0.001684,0.003601
ST4360,0.043731,0.045471,-0.049239,0.011392,0.003302,0.038941,-0.050361,0.040004,0.006076,0.054072,-0.002529,-0.0004,0.003695,-0.005463,0.00028,-0.00043,-0.000518,0.000612,-3.6e-05,-0.000197,8.5e-05,0.000159,0.0,0.00017,-0.000264,0.000409,0.000161,0.001958,0.0025,0.022298,-0.001121,-0.000125,-0.000158,0.003382,0.010357
ST4368,0.041774,0.043408,0.021727,0.007119,0.001823,0.07584,0.19089,0.019774,0.003193,0.031367,-0.005034,-0.002637,0.001296,-0.003123,-0.000433,-0.000311,-0.000405,4.6e-05,8.1e-05,0.000738,0.00103,0.000323,-0.000877,0.000554,0.001193,-0.000392,0.000271,0.001467,0.002987,0.008537,0.0,-7.3e-05,0.0,0.001089,0.003478
ST4370,0.041774,0.043408,-0.09192,0.010896,-9.6e-05,0.076839,0.19559,0.020989,-0.000677,0.034134,-0.00034,-0.000209,-0.000151,-0.000171,0.000788,-0.000909,0.000514,-0.000214,0.000111,0.000173,0.000901,0.0,0.00028,0.000747,0.000338,0.000353,8.5e-05,-0.000489,0.002872,-0.001384,0.0,-7.3e-05,0.0,0.000921,0.00272
ST4383,0.041774,0.043408,-0.068543,0.028579,0.000546,0.067359,0.068402,0.01055,0.001044,0.022157,-0.002985,0.002121,-0.004884,0.001004,-0.000503,-0.001037,0.00033,-0.000402,-9.6e-05,0.001182,-0.001635,-0.00038,0.000133,0.00017,-0.0004,-3.9e-05,0.000265,-0.001543,6.8e-05,0.011521,-0.000408,-0.000288,0.0,-0.007401,0.005727
ST4401,0.041774,0.043408,-0.087581,0.016579,0.001205,0.07934,0.228459,0.003605,0.00145,0.013204,0.00216,0.000977,-0.000151,0.00575,6.8e-05,-0.000676,0.001024,-0.000539,0.0,0.000738,-0.000526,0.000215,6.3e-05,-0.000564,-0.000563,6.1e-05,0.000123,-0.000167,-0.005597,0.003711,-0.000174,-7.3e-05,-0.000262,-0.007912,0.000126
ST4407,0.041774,0.043408,0.025383,0.008429,-0.005638,0.076231,0.159411,0.018291,0.001517,0.035843,0.001432,-0.000662,0.000953,-0.000685,0.000402,0.000219,-0.000678,-8.5e-05,0.000452,0.001988,0.001752,0.000301,-4.7e-05,0.001412,0.000329,-0.000514,1.9e-05,0.000728,0.002728,0.008211,0.0,-0.000138,-0.000137,0.000829,0.002772
ST4430,0.041774,0.043408,0.023602,0.010866,0.001999,0.074818,0.239848,0.021507,0.00269,0.028438,-0.000885,-0.000855,0.000232,0.013998,0.000567,0.000335,-0.000312,-0.000108,0.0,0.00091,0.000415,7.2e-05,0.0,0.000862,-0.000783,0.000418,0.00012,0.000204,0.002615,0.008093,0.0,-7.3e-05,5.1e-05,0.000848,0.001701
ST4438,0.041367,0.043408,0.017332,0.006095,0.002574,-0.063002,0.182238,0.007133,0.001411,0.021832,0.001364,-0.003817,0.00091,-0.005194,-0.000192,-0.000263,-0.002511,0.000231,0.000303,0.000388,-0.000372,-0.000197,0.000325,-0.000197,0.000753,0.000332,0.001255,0.00011,0.003303,0.121445,0.004905,-0.000138,0.001723,0.000166,0.006667
ST4445,0.046001,0.049536,0.031222,0.009253,0.000677,0.078512,-0.024073,0.067459,0.009809,0.066723,0.002693,0.00046,0.000638,-0.00071,0.000231,0.00023,-3e-05,0.000447,0.0,0.000472,-0.000862,0.000175,-0.000555,0.000321,-2.1e-05,0.000471,0.000113,0.009778,0.001829,-0.025722,-0.000596,-7.3e-05,0.0,0.001509,0.009379
ST4447,0.041774,0.043408,0.02477,0.007651,0.002183,0.076318,0.158801,0.022418,0.00131,0.037125,0.00478,0.005072,0.001057,-0.000787,0.000481,-0.001073,0.000496,0.000439,0.000328,0.001631,0.000756,0.000266,0.000439,0.001364,-0.000719,-0.000118,9.9e-05,0.001434,0.00275,0.0079,0.0,-0.000138,0.0,0.000763,0.003655
ST4453,0.041976,0.043408,0.026506,0.007167,-0.003884,0.079133,0.134096,0.00316,0.00044,0.014346,0.00875,0.001452,0.001012,-0.000261,0.002291,-0.000257,-0.000697,2.7e-05,-0.000137,0.002886,-0.000112,-0.000255,-4.3e-05,-0.001837,-0.000265,-0.000208,0.00071,0.000679,0.003042,0.006939,0.0,0.003256,0.000707,0.000714,0.00343
ST4456,0.041774,0.045606,0.02165,0.008683,-0.005823,0.080597,0.160682,0.001631,-0.003268,0.008908,0.002399,0.001927,-0.000768,-0.001174,0.000187,-3e-05,-0.000364,-0.000165,0.000198,0.002634,-0.000333,-1.6e-05,0.000298,-0.001247,-0.00043,-0.000423,0.000472,-0.000449,0.002361,0.010497,0.0,-0.000456,-0.000838,0.000416,-0.003059
ST4459,0.03998,0.04385,-0.064009,-0.068701,-0.000444,0.063568,0.075943,0.018017,0.002671,0.025524,0.001379,0.000395,0.006073,0.000929,0.0014,0.000639,0.000156,-9.2e-05,-0.0001,-0.000141,-2.6e-05,0.0,0.0,0.0,-0.0003,-0.000398,0.0002,-0.000983,0.003506,0.017471,-0.0005,-7.3e-05,0.0,0.003762,0.008555
ST4464,0.041774,0.043408,0.021173,0.005932,0.003334,0.07664,0.201533,-0.001823,-0.000359,0.013094,0.011138,0.003183,0.001205,-0.00393,0.000131,-0.0008,0.000235,-0.000481,-6.3e-05,0.000475,0.000566,-0.000593,0.000717,-0.000804,-0.000153,-0.000135,0.000837,0.001889,0.00369,0.00888,0.0,-0.000179,-0.000612,0.000544,0.002476
ST4472,0.041774,0.043408,0.022193,0.008549,0.001567,0.075921,0.187714,0.019173,0.000878,0.022182,0.004381,0.001719,-0.001793,-0.002732,-0.000324,-0.000218,-0.000905,-0.00035,3.2e-05,0.001169,-0.00055,-6.9e-05,0.00133,0.000655,-0.000452,8e-06,-0.000205,-0.000801,0.00317,0.008125,0.0,-7.3e-05,-3.1e-05,0.000969,0.001113
ST4504,0.041774,0.043408,0.024437,0.010564,0.001764,0.074818,0.230679,0.021925,0.004148,0.029229,-0.002162,0.000772,-7.8e-05,0.013707,0.000301,9.8e-05,-4.8e-05,0.000139,0.0,0.001155,0.000214,0.0,0.0,0.000862,0.001042,-1e-05,-0.000135,0.003093,0.002615,-0.000358,0.0,-7.3e-05,5.1e-05,0.000848,0.001791
ST4515,0.043731,0.045471,-0.046593,0.031353,0.00437,0.03844,-0.039393,0.030108,0.002294,0.039354,0.000854,0.002439,-0.003691,-0.005561,0.000311,0.000318,-0.000256,-0.000215,0.0,0.000339,-8.8e-05,-0.000247,0.000292,0.000321,-0.0002,-0.00031,0.0,-0.00041,-0.00214,0.025058,-0.00086,-0.000316,-0.000158,-0.007496,0.006875
ST4517,0.041774,0.043408,0.023521,0.008574,0.003353,0.077146,0.208118,-0.002077,-0.000449,0.013055,0.009939,0.00251,0.000191,-0.003167,0.000459,0.000324,0.000478,-1.9e-05,0.0,0.001764,0.000541,-9.7e-05,8.9e-05,-0.000679,0.000458,-0.000476,-0.000552,-0.000164,0.002993,0.008275,0.0,-0.000179,-0.000542,0.000843,0.003796
ST4518,0.041774,0.043408,0.022425,0.008015,0.002111,0.07477,0.190879,0.018328,0.001888,0.022112,0.002228,0.00239,-0.000723,-0.002816,0.000242,0.000702,-0.00061,-0.000495,3.2e-05,0.000872,-0.000161,0.000189,-0.001739,0.000734,-0.000537,0.000261,0.000192,-3.2e-05,0.003102,0.007912,0.0,-7.3e-05,-3.1e-05,0.000724,0.001416
ST4519,0.041774,0.043408,-0.079178,0.016413,0.002208,0.080716,0.179882,0.007704,-0.000152,0.011853,-0.000902,0.000904,-0.00036,-0.000688,0.000699,-0.00026,-0.000138,0.002288,0.0,0.001002,-0.000225,0.000279,0.00028,0.00101,-0.000749,0.000345,-0.000316,0.001284,-0.005752,0.000853,-0.000494,-0.000138,0.0,-0.008133,-0.000197
ST4521,0.041774,0.043408,-0.092772,0.01798,0.003004,0.080832,0.184713,0.008986,0.000258,0.015741,-0.001549,-4e-06,-0.00036,-0.001001,0.000184,0.000361,0.000616,-0.001113,-0.000122,0.001112,-0.000664,5.3e-05,-0.000425,0.001078,0.001413,-0.000429,0.000304,-0.000967,-0.004883,0.00157,-0.00032,-0.000138,-0.000262,-0.00791,0.000126
ST4523,0.041774,0.043408,0.023421,0.007941,0.001887,0.073747,0.239631,0.018882,0.00474,0.028082,0.001637,0.000443,0.000997,0.014453,-6.3e-05,0.000162,-2.9e-05,-3.8e-05,0.0,0.00094,0.000236,7.2e-05,0.000103,0.001084,-0.000996,0.000249,-0.000158,0.000299,0.002797,0.007774,0.0,-7.3e-05,5.1e-05,0.000549,0.001665
ST4529,0.041976,0.043408,0.026615,0.007466,-0.003876,0.081027,0.13471,0.0043,0.000429,0.014139,0.006358,0.000611,0.000964,-0.000356,-0.001367,-0.000199,0.001043,-0.000244,9.1e-05,-0.000134,-5.3e-05,-0.000296,0.000104,-0.00179,0.000254,0.000939,-0.002671,2.4e-05,0.002719,0.007347,0.0,0.003422,0.000707,0.000714,0.001854
ST4546,0.041367,0.043408,0.018731,0.009335,0.003658,-0.039612,0.111786,0.007738,0.000694,0.015568,-0.005327,-0.002157,0.003525,-0.002702,-0.00083,0.000437,0.000617,6.2e-05,0.0,0.000963,-0.000309,0.000132,0.000113,0.0,0.000417,0.000896,-0.000206,0.000546,0.002401,0.117748,0.00624,-0.000138,0.003215,0.0,-0.000659
ST4558,0.041774,0.043408,0.021794,0.006495,0.00246,0.08002,0.16053,0.018089,0.003004,0.014365,-0.000557,0.001474,0.000818,-0.001618,0.000611,0.000347,-0.000102,-0.000243,-0.000525,0.001224,-0.000731,-0.000586,-0.000821,0.001221,0.000628,0.000176,2.3e-05,0.001304,0.002798,0.008838,0.0,-0.000224,-4.8e-05,0.000559,-0.003773
ST4561,0.041976,0.043408,0.023549,0.007816,0.001927,0.074576,0.172763,0.018479,0.000726,0.031635,-0.002996,-0.003261,0.001703,-0.002018,0.000312,-0.000153,0.000362,0.000389,0.000139,0.000942,-0.00133,-0.000174,0.0005,0.001175,0.000619,0.000478,0.000171,0.000401,0.003005,0.008468,0.0,0.001562,0.000274,0.000906,0.003066
ST4564,0.041976,0.043408,0.02498,0.022318,0.002445,0.074503,0.146394,0.013855,0.001145,0.033186,-0.007469,-0.00118,0.000298,-0.000535,0.000427,-7.7e-05,-6.1e-05,0.000111,0.000387,-0.02185,-0.000426,0.000394,0.0,0.001145,-0.000108,0.000486,0.000625,7.6e-05,0.007388,0.008052,0.0,0.002436,0.0,0.000805,0.001907
ST4569,0.041774,0.043408,0.021074,0.006747,0.00273,0.07982,0.19304,-0.00189,-0.003211,0.010558,-0.010132,-0.001999,0.000973,-0.003694,1.9e-05,-0.000732,0.0005,0.000181,0.0,0.000821,0.000464,0.000172,-0.000172,-0.000814,-0.000272,8.7e-05,0.000444,0.000347,0.002135,0.009289,0.0,-0.00059,-0.001005,0.000652,-0.0032
ST4571,0.041774,0.043408,0.031802,0.011377,0.003041,0.090897,0.11049,0.020997,0.003631,0.034962,0.002703,0.00226,0.001424,-0.001103,-4e-05,0.000855,0.000407,-0.000155,-0.000222,0.004073,-0.000123,0.00044,0.000666,0.001521,1.3e-05,0.000488,-0.000359,0.000127,0.001994,0.003523,0.0,-0.000194,0.0,0.001684,0.003634
ST4575,0.041774,0.043408,0.022127,0.005275,0.002482,0.07982,0.195457,-0.001577,-0.002609,0.011418,-0.00636,-0.002767,0.000129,-0.004044,0.000371,-0.000219,-0.000658,-0.000763,0.0,0.000416,-0.000134,-9.5e-05,-6.6e-05,0.000599,-0.000331,-0.000205,-0.000916,0.001566,0.002135,0.009341,0.0,-0.000371,-0.000948,0.000652,-0.003089
ST4578,-0.007591,-0.002403,0.005375,0.005644,-0.002414,0.002095,0.061902,0.004234,0.003151,-0.004868,0.001577,-0.001283,0.000669,0.038133,-0.000262,0.00045,0.014836,0.000924,0.0,0.000466,0.000373,-7.7e-05,0.000298,0.000192,8.4e-05,-0.000188,-0.000228,0.00044,0.000641,0.004871,0.016595,-2.4e-05,0.005831,8.7e-05,0.0
ST4590,0.041774,0.043408,0.031254,0.009188,-0.003737,0.094511,0.104895,0.014015,0.003457,0.021663,-0.009168,-0.002955,0.002751,-0.000382,-0.000269,6.3e-05,0.000606,-0.000358,-6e-05,0.003118,-7.6e-05,0.000136,0.000186,0.001393,-0.000691,-0.000385,-0.000757,0.000202,0.001921,0.00388,0.0,-0.000292,0.0,0.00144,0.00126
ST4591,0.041774,0.043408,0.022353,0.008004,0.001909,0.07584,0.181145,0.021148,0.00275,0.031142,0.001349,0.003049,0.002099,-0.00231,0.000364,0.00083,0.000815,0.000319,8.1e-05,0.001336,-8.1e-05,6.7e-05,0.000954,0.000655,0.001359,0.000262,-0.000167,-2.6e-05,0.002987,0.008535,0.0,-7.3e-05,-3.1e-05,0.000921,0.00442
ST4597,0.041367,0.043408,0.019797,0.012156,0.003312,-0.039694,0.119142,0.00421,0.002657,0.01587,0.001733,-0.002197,0.003992,-0.002881,1e-05,0.000304,-0.001407,0.000208,-9.8e-05,0.002587,0.000984,-0.000439,0.000148,0.0,0.000405,0.001166,8.4e-05,0.001185,-0.004453,0.117718,0.007512,-0.000138,0.002734,-6e-05,-0.000784
ST4605,0.041774,0.043408,-0.085858,0.018083,0.003878,0.080234,0.202563,0.009667,0.001058,0.016141,-0.000917,0.000715,-0.00036,-0.001138,0.000599,0.000233,-0.00058,0.002417,0.0,0.001444,0.001087,0.000117,0.000389,0.000932,0.000461,0.00021,-4.4e-05,-0.001651,-0.006545,0.002481,-0.000494,-7.3e-05,-0.000262,-0.008656,0.000126
ST4616,0.041367,0.043963,-0.069025,0.012502,-0.001108,0.095117,0.057663,0.036335,0.005395,0.040085,0.003318,-5.6e-05,0.00358,-0.000772,-2.1e-05,-0.00014,-0.000331,0.000386,0.0,0.000768,0.000156,-8.4e-05,0.000309,0.000339,0.000477,-0.000543,0.000532,-0.003866,0.001587,-0.023145,0.0,-7.3e-05,0.0,0.003147,0.012018
ST4625,0.041774,0.043408,-0.098694,0.016904,0.000305,0.073428,0.123086,0.028452,0.002012,0.039489,0.002948,0.001559,0.001239,0.003996,-0.000603,0.001554,-0.000323,-0.000371,0.000111,0.000639,0.000272,0.000355,0.000145,0.001284,0.001773,-0.00054,-0.00017,-0.001363,0.003267,0.001915,0.0,-0.000138,0.0,0.003141,0.002801
ST4629,0.041976,0.043408,0.031308,0.013502,0.00091,0.107281,0.065312,0.002214,-0.000481,0.014553,0.003825,0.001345,-0.001198,0.004549,-0.000247,0.000693,0.000132,-0.000166,7.5e-05,0.003939,0.000619,-0.000115,-0.000128,0.000555,2.2e-05,0.000351,-0.00101,0.000818,0.001822,0.003765,0.0,0.009077,0.000128,0.001533,-0.001015
ST4640,0.03998,0.04385,-0.059807,-0.064228,-0.002447,0.066336,0.079134,0.007547,0.001724,0.016567,-0.001065,0.000264,-0.006337,0.000998,-0.002704,0.000642,0.000185,-0.00011,-9.2e-05,-0.00189,0.000606,-0.000341,-0.000206,0.0,0.000723,0.001987,-0.000433,-0.000308,-0.006478,0.016032,-7.1e-05,-0.000315,0.0,-0.007421,0.006464
ST4642,0.041774,0.045606,0.023315,0.003613,0.001252,0.076711,0.239613,0.001282,-0.0013,0.013306,0.00118,3.4e-05,0.000668,0.01457,0.002018,0.001734,0.000224,0.000679,-0.000195,0.001083,0.000138,0.00108,-1.2e-05,-0.000541,-0.000208,-0.000158,0.000165,0.002471,0.002317,0.011555,0.0,-7.3e-05,5.1e-05,0.000496,-0.001734
ST4644,0.047836,0.049526,0.030559,0.01754,0.00127,0.059926,-0.026467,0.035282,0.003059,0.034747,0.00835,0.001119,0.004148,-0.002457,-0.000194,-0.001429,-7.1e-05,0.000546,0.0,-0.006014,0.000706,-0.000226,0.000413,0.000938,3.2e-05,-0.000194,-0.000163,0.001223,0.005261,0.032653,-0.000797,-0.000135,-0.000205,0.001478,0.000143
ST4649,0.045533,0.054026,-0.052457,0.016463,-0.001956,0.037284,-0.064824,0.04078,0.007125,0.050953,0.001227,0.00122,0.004158,-0.005805,0.0,0.000678,0.000361,0.000186,0.0,9.3e-05,0.000383,0.0,-0.000165,0.00017,0.000131,-0.000695,0.0,-0.000888,0.00222,0.020839,-0.000818,-0.000104,-0.000194,0.002479,0.009487
ST4659,0.041367,0.043408,0.022191,0.006254,0.003515,0.075906,0.164994,-0.006291,0.001379,0.024004,0.009463,0.002964,0.000929,-0.000858,0.001154,6.1e-05,-0.000847,-3.1e-05,0.0,0.001376,0.000188,-0.000326,-7.4e-05,-0.001356,0.000179,-0.000945,0.001118,-9.9e-05,0.002414,0.008095,0.0,0.001736,0.001992,0.000758,0.00262
ST4662,0.041976,0.043408,0.022289,0.0085,0.003822,0.076839,0.174652,-0.000697,0.001409,0.015506,-0.002446,-0.002994,0.000603,-0.0019,0.000469,-0.001112,0.00018,-2.5e-05,-4e-05,0.000676,-1.1e-05,-0.000238,0.000122,0.001378,0.000111,3e-06,-0.001113,-0.000473,0.00275,0.008718,0.0,0.002835,0.002131,0.00085,0.001914
ST4665,0.041774,0.043408,0.022269,0.008204,0.00228,0.07575,0.215373,0.020612,0.002291,0.024491,0.002775,0.00143,0.001399,-0.002974,0.000412,7.1e-05,0.000255,0.000104,0.0,0.000587,0.000227,-4.7e-05,0.000334,0.000627,-0.000146,-0.000428,-4.6e-05,-0.000571,0.003037,0.008409,0.0,-7.3e-05,-7.9e-05,0.001022,0.003703
ST4674,0.039764,0.043408,-0.073646,-0.075655,0.000988,0.074572,0.151627,0.007367,0.001362,0.014358,0.000155,-0.000818,-0.002135,0.001074,0.001665,0.00065,-0.000416,0.000143,0.000111,-0.0007,0.000369,-0.000715,-0.00023,0.000273,0.000224,0.000672,0.000152,-0.001415,-0.009599,0.004198,0.0,-0.000138,0.0,-0.010702,0.001808
ST4682,0.043984,0.050146,-0.040335,0.011961,-0.002558,0.05706,-0.042284,0.048847,0.005841,0.062795,0.004269,0.001657,0.002201,-0.004707,0.00013,-0.000154,0.000485,0.000627,0.0,-0.000382,0.000107,7e-05,-1.6e-05,-0.000189,-0.000475,0.0,-0.00018,-0.003231,0.001607,-0.02498,-0.000596,-7.3e-05,6.4e-05,0.003842,0.012856
ST4683,0.039764,0.043408,-0.072773,-0.075514,0.000988,0.075593,0.145687,0.006755,0.000755,0.014794,0.00013,-0.000906,-0.00163,0.001184,0.000228,0.000514,0.000359,0.000143,0.000111,-0.001473,0.000533,-0.000715,0.000442,0.000273,-1.8e-05,0.001011,3.4e-05,-0.001532,-0.009863,0.004198,0.0,-0.000138,0.0,-0.010702,0.00226
ST4687,-0.007333,-0.003926,0.004965,0.006552,0.007067,0.002305,0.068722,0.015223,0.003031,-0.003661,0.013197,0.00134,-0.000103,-0.001816,3.7e-05,0.000878,-0.000931,0.001153,0.000119,-0.000339,0.00042,0.0,-7.9e-05,-0.000269,0.000141,-0.000117,4.5e-05,-0.000189,-0.001105,0.001025,-0.005607,-0.000559,-0.00483,8.7e-05,0.0001
ST4696,0.041774,0.043408,0.030065,0.010798,0.003583,0.095535,0.104686,0.015112,0.004932,0.015038,0.004038,0.001884,0.001545,0.000235,7.9e-05,0.000806,-0.000365,-0.00017,7.7e-05,0.00362,-0.000425,0.000136,8e-06,0.00153,0.0003,0.000866,0.000497,-5.1e-05,0.002358,0.002988,0.0,-0.000395,0.0,0.001385,-0.001819
ST4699,0.041774,0.043408,0.0226,0.008318,0.002332,0.07584,0.201432,0.021309,-0.001367,0.03173,0.002211,0.00275,0.001974,-0.00289,0.000396,-0.000579,-0.000276,0.000519,8.1e-05,0.000738,-0.00063,-0.000622,0.000113,0.000627,0.00053,-0.000488,-5.1e-05,-0.000517,0.002935,0.008439,0.0,-0.000231,-8.5e-05,0.001022,0.0042
ST4700,0.041774,0.043408,0.022211,0.007296,0.003331,0.08002,0.205497,0.018683,0.004788,0.016148,0.003369,0.00173,0.000276,-0.003183,-0.000236,-0.000555,-0.000391,0.000525,8.4e-05,0.001077,-0.000557,0.000119,0.000687,0.000417,0.000963,-0.000414,-0.000133,-0.000686,0.002868,0.008871,0.0,-7.3e-05,0.0,0.000675,-0.004893
ST4711,0.041976,0.043408,0.02275,0.009855,-0.00518,0.076681,0.160522,0.002407,0.000473,0.014217,0.0132,0.002603,0.000626,-0.000683,-0.000956,0.000405,-0.0002,0.000247,0.0,0.001754,0.000199,0.000113,0.000322,-0.001301,-4.3e-05,0.001137,-0.003305,-0.000494,0.002994,0.008335,0.0,0.00329,0.002142,0.000714,0.002561
ST4717,0.041774,0.04385,-0.077902,0.02115,-0.001112,0.069137,0.055767,0.027216,0.002965,0.034808,0.004802,0.000795,0.004744,0.001032,8.1e-05,-0.000238,0.00016,-0.000198,0.0,0.001597,0.000622,0.000153,0.0,0.000728,-0.000957,0.000577,0.000214,-0.001429,0.00388,0.011487,-0.000335,-7.3e-05,0.0,0.003538,0.007509
ST4734,0.042864,0.046105,-0.041164,-0.034465,-3e-06,0.034777,-0.054311,0.034322,0.003849,0.050558,-0.001874,-0.000675,0.005132,-0.006272,0.00047,0.000301,3.9e-05,0.000293,-0.000387,0.000857,-0.000218,0.000159,1.1e-05,0.00017,-0.000142,0.000449,2.7e-05,-0.00022,0.002038,0.022628,-0.000869,-9.4e-05,0.0,0.001913,0.009447
ST4737,0.041774,0.043408,0.023026,0.003862,0.001993,0.074818,0.22109,0.023616,0.001782,0.029395,0.004097,0.001922,0.000223,0.012629,-1e-06,0.000202,-0.000264,0.000119,7.6e-05,0.000287,0.000133,0.0,-0.000394,0.000521,-0.00104,0.000133,-9.2e-05,0.002391,0.002615,0.008292,0.0,-7.3e-05,-2.8e-05,0.000896,0.002269
ST4738,0.041367,0.043522,-0.08197,0.013249,-0.000582,0.088408,0.123597,0.03147,0.005613,0.041097,-0.002122,-0.001884,0.001165,0.001987,0.00171,-0.003141,-0.000192,-0.000223,0.0,0.000671,0.000528,-0.000514,-0.000131,0.000659,-0.000454,-0.000245,0.000232,-0.000928,0.001603,-0.019858,0.0,-0.000138,0.0,0.003141,0.006681
ST4741,0.041367,0.043408,0.02323,0.00766,0.004917,-0.06036,0.174257,0.008302,0.000941,0.017856,0.00265,-0.003309,0.000373,-0.001761,0.000478,-0.001098,0.004502,-0.000324,0.0,0.000338,-0.000124,0.000186,0.000575,0.0,0.000141,-0.00023,-0.000209,-0.001485,0.002984,-0.023631,0.009572,-0.000138,0.004051,0.0,-0.003784
ST4742,0.041976,0.043408,0.0218,0.006774,0.003402,0.076839,0.193753,-0.001072,0.000776,0.014573,-0.000178,-0.002961,0.000168,-0.003058,0.000479,0.000866,0.000268,-6.4e-05,-6.3e-05,-4e-05,-0.00047,0.000202,7e-06,0.000873,-0.000249,0.000839,0.00082,-0.000388,0.002858,0.008715,0.0,0.003264,0.002902,0.000979,0.002232
ST4749,0.039764,0.043408,0.029139,-0.090741,-6e-06,0.070969,0.195351,0.009126,0.001703,0.019446,0.002268,0.000569,0.000508,0.003602,0.000131,5.6e-05,0.002243,0.00076,0.0,-0.002682,0.000136,-5e-06,-0.000239,0.000118,0.0,0.00044,-0.000175,0.006532,-0.010625,0.006392,-0.000377,-7.3e-05,0.0,-0.007387,0.000715
ST4750,0.041774,0.043408,0.022622,0.021382,0.002026,0.074689,0.165485,0.01423,0.001841,0.01812,0.007061,0.004552,0.000698,-0.001084,0.000567,7.8e-05,-0.000825,-0.000174,0.000114,-0.020919,-0.000413,0.000204,0.000258,0.00143,-0.00017,-0.0005,-0.000351,-2.6e-05,0.008565,0.008669,0.0,-0.000129,0.0,0.000469,0.002342
ST4782,0.041774,0.043408,-0.089741,0.010695,0.002087,0.082102,0.213452,0.004592,0.000822,0.010535,0.001337,2.6e-05,0.001067,0.008579,-0.000382,-0.000983,0.000368,0.001754,-0.000111,-0.000197,-0.000525,0.0,-0.000229,-0.000564,0.0,0.000242,0.000198,-7.9e-05,0.002351,0.011867,0.0,-7.3e-05,-5.3e-05,0.002322,-0.00271
ST4783,0.041367,0.043522,-0.066679,0.013834,-0.000227,0.094245,0.071622,0.03393,0.004427,0.044373,-0.002536,-0.001114,0.002347,-0.000772,-0.000329,-0.000256,0.000607,-0.000183,0.0,0.000107,0.000225,-5.1e-05,-0.000359,0.000339,0.000105,-0.000234,-0.000469,-0.002024,0.00124,-0.023373,-8.7e-05,-7.3e-05,0.0,0.002635,0.011698
ST4789,0.039764,0.043408,0.027382,-0.091849,-0.000294,0.074769,0.18034,0.012807,0.005175,0.018102,0.000117,0.000781,0.001883,-0.000303,0.00017,5.7e-05,0.001128,0.000842,0.0,-0.024256,-0.000419,0.000115,0.000421,0.0,0.000258,0.000256,0.000277,0.000773,0.001345,0.007902,0.0,-0.000138,0.0,0.001141,-0.00307
ST4809,0.041774,0.043408,0.022864,0.009416,-0.004651,0.076479,0.149502,0.016332,0.000778,0.020086,0.001328,0.001927,-0.000292,-0.00042,0.001098,7.8e-05,-0.000609,5e-05,6.6e-05,0.001954,-6e-06,-0.000229,0.000213,0.001784,-0.000227,0.000295,-2.1e-05,-0.000518,0.002899,0.008272,0.0,-0.000188,-8.8e-05,0.000763,0.001925
ST4827,0.039764,0.043408,-0.072105,-0.074504,0.000398,0.065494,0.107768,0.016831,0.002897,0.028902,-0.001462,-0.000649,0.003957,0.001119,-0.000208,0.0005,0.00055,-1.7e-05,-0.0001,0.001426,-0.00037,0.000149,9.9e-05,0.0,0.000176,0.00018,0.000217,-0.000434,0.003273,0.013251,-7.1e-05,-0.000138,0.0,0.004205,0.006738
ST4828,0.03998,0.04385,-0.05824,-0.065498,-0.001618,0.066336,0.085875,0.007478,0.001511,0.01662,0.00106,-0.000241,-0.006142,0.000733,0.000702,0.000477,-0.000668,9.8e-05,0.000334,-0.001888,0.000606,-0.000206,-0.000103,0.0,-0.000157,0.002945,-0.000111,-0.001135,-0.007035,0.015635,-7.1e-05,-0.000315,0.0,-0.007115,0.006729
ST4870,0.041774,0.043408,-0.082917,0.015967,0.000147,0.074889,0.127386,0.03022,0.001567,0.039214,0.001702,0.001591,0.000845,0.000497,-0.000554,-0.004052,-0.000528,-0.001586,0.0,0.001043,0.000758,-0.000154,-0.000331,0.001284,-0.000803,-0.000485,-6.6e-05,0.000163,0.003239,0.000128,0.0,-0.000138,0.0,0.003387,0.003537
ST4880,0.041367,0.043522,-0.07915,0.009395,-0.001008,0.08494,0.162249,0.029003,0.002304,0.038317,-0.002561,-0.001125,0.000711,0.001046,-0.001457,-0.001466,-0.000394,-0.003554,0.0,0.000531,-0.000107,-8e-05,7.7e-05,0.000659,6e-05,-0.00048,-0.000175,0.000892,0.002139,-0.023164,0.0,-0.000138,0.0,0.001855,0.004862
ST4883,0.041774,0.043408,0.022431,0.005579,0.001806,0.075781,0.203918,0.001634,0.000762,0.012394,0.006937,0.00305,0.00011,0.013808,-0.00033,-0.00077,-0.000611,-0.000244,-0.000255,0.000982,0.000339,-0.000104,-0.000496,-0.000395,-0.000237,0.000503,-0.001316,0.001908,0.002709,0.007995,0.0,-0.000128,-0.000153,0.000843,0.00298
ST4886,0.041774,0.043408,0.020705,0.007644,0.00259,0.07982,0.193704,-0.001903,-0.000119,0.011426,-0.007857,-0.002375,0.000865,-0.003694,0.000304,-0.000293,0.00042,-7.5e-05,0.0,0.001424,0.00055,-0.000193,0.00038,0.000694,0.000289,-2e-05,0.000821,0.000212,0.002135,0.009341,0.0,-0.00059,-0.001068,0.000652,-0.002965
ST4892,0.041774,0.043408,0.025318,0.010552,0.002034,0.076789,0.14601,0.022103,0.001272,0.035344,-0.000478,-0.001522,0.000959,-0.000182,-9e-06,0.000214,0.000258,2.7e-05,0.000365,0.001674,-0.0003,-0.000406,0.000622,0.001331,-0.000535,1.1e-05,-0.000207,-0.00025,0.002728,0.007659,0.0,-0.000138,0.0,0.000829,0.002489
ST4895,0.041367,0.043522,-0.119401,0.006601,0.000688,0.084986,0.194676,0.025653,0.003171,0.033948,-0.000367,0.000751,-0.000151,0.00025,0.0,-0.000493,0.000604,-0.000357,0.0,5.9e-05,0.00046,0.0,9.9e-05,0.000448,-1.2e-05,3.6e-05,0.0,-0.014261,0.001084,-0.031846,0.0,-7.3e-05,0.0,0.001855,0.004203
ST4896,0.041976,0.043408,0.032827,0.010007,-0.002881,0.102637,0.080248,0.004216,-0.000353,0.013515,0.00636,0.001124,-0.000461,-0.001144,0.000151,0.000508,-0.000266,-0.000211,0.000194,0.002225,0.000368,-0.000157,-0.000394,-0.000861,0.000352,0.000141,0.001604,-0.000837,0.002271,0.00375,0.0,0.007524,0.0,0.001684,0.002481
ST4905,0.041976,0.043408,0.02236,0.008863,0.001131,0.074576,0.193361,0.017717,-0.000842,0.028534,-0.00264,-0.003593,0.001614,-0.003104,-5.9e-05,-0.000129,0.000222,0.000427,0.000255,0.000591,-0.001425,0.000479,-0.00074,0.000829,0.001172,-0.000127,0.000293,-0.000269,0.003102,0.008537,0.0,0.001562,0.000396,0.001089,0.003199
ST4919,0.041976,0.043408,0.022576,0.009446,-0.006496,0.076337,0.169334,0.002726,0.000746,0.014264,0.012959,0.003029,0.000675,-0.001285,-0.00019,0.000436,-0.000177,0.000358,-0.000145,0.001508,8.9e-05,-7.1e-05,-0.000405,-0.001583,0.000189,0.001629,0.0045,-0.000345,0.003028,0.008208,0.0,0.002424,0.001692,0.000714,0.002908
ST4929,0.041774,0.043408,0.022987,0.008681,0.00306,0.080738,0.155879,0.005618,0.002019,0.016434,-0.003532,0.002336,0.001407,-0.000941,-0.001345,0.000784,-0.000177,0.000542,-4.3e-05,0.001246,0.000125,2.5e-05,0.000142,-0.001171,-0.001033,7.6e-05,-0.001074,-0.000306,0.002708,0.008722,0.0,-0.000388,-0.000636,0.00053,-0.003011
ST4931,0.041774,0.043408,-0.073364,0.021285,-0.000646,0.067755,0.065386,0.029969,0.002046,0.039499,0.005491,0.001323,0.003663,0.001032,0.000168,0.000555,3.8e-05,-0.000228,0.0,0.001545,0.000888,-8.4e-05,0.0,0.000728,0.001843,-0.000669,0.000214,-0.000868,0.00379,0.011228,-0.000335,-7.3e-05,0.0,0.003025,0.006997
ST4938,0.039764,0.043408,0.023026,-0.091048,-0.000518,0.076468,0.173807,0.009403,0.004496,0.013912,0.002933,0.000441,0.001504,-0.000113,-0.000543,-0.000111,-0.000837,-0.000212,0.0,-0.025288,0.000629,-0.000165,-0.000408,0.0,8.4e-05,-0.000176,-0.000236,-0.000171,0.001826,0.007685,0.0,-0.000138,0.0,0.001007,-0.003334
ST4947,0.041774,0.043408,0.020649,0.005094,0.001375,0.076976,0.22985,0.013237,0.001501,0.017457,9e-05,-0.000849,0.001011,0.013854,0.000508,-0.001303,0.000195,0.000574,-0.000615,0.001365,0.001962,-0.000171,0.000125,0.000759,3e-06,0.001517,0.000628,0.001337,0.002538,0.008601,0.0,-7.3e-05,5.1e-05,0.000549,-0.00276
ST4968,0.039764,0.043408,0.028597,-0.096209,-0.000399,0.07237,0.171288,0.014136,0.001944,0.024049,-0.001135,0.000956,0.000286,-0.000386,1.2e-05,0.00026,0.000642,8.5e-05,0.000125,-0.020973,0.000279,-0.000186,0.000234,0.0,8.4e-05,-0.000341,-0.000297,-0.000271,0.002015,0.007054,0.0,-0.000138,0.0,0.001439,0.002746
ST4973,0.041774,0.043408,0.022089,0.007923,0.002223,0.07575,0.214984,0.020745,0.002644,0.027644,0.00344,0.001451,0.001329,-0.002827,7.1e-05,-0.000527,0.000345,0.000204,0.0,0.001171,0.000904,-1.1e-05,0.000618,0.000627,0.000176,0.00022,0.000155,-0.001234,0.003037,0.008409,0.0,-7.3e-05,-7.9e-05,0.001022,0.003566
ST4977,0.041939,0.0475,0.034168,-0.073086,0.000688,0.084108,0.014472,0.015318,0.001142,0.023024,0.000995,-0.00121,0.006222,0.00177,0.000123,-0.00071,-0.000569,-0.000169,0.0,-0.016063,-2.9e-05,0.0,-0.000304,0.0,0.00033,-0.000128,9e-05,1.3e-05,0.001295,0.006224,-0.0005,-7.3e-05,-0.000192,0.001482,-0.000235
ST4980,0.043092,0.049512,-0.05402,0.012438,-0.001609,-0.017937,-0.038092,0.039903,0.001103,0.056487,0.001274,0.000567,0.004712,0.000963,-0.000137,0.001784,0.000465,0.000473,0.0,-0.000243,0.00028,-0.000472,-0.000345,0.0,-0.000447,0.000295,0.0,0.00151,0.001764,0.056047,-0.001137,-0.000104,-0.000505,0.001844,0.00906
ST4991,0.041774,0.043408,0.02344,0.006888,0.003319,0.07664,0.1987,-0.001816,0.000836,0.012452,0.012761,0.003273,0.001105,-0.00312,0.000626,-0.000277,0.00025,0.000519,-8.5e-05,0.00075,-0.001157,-0.00038,-0.000126,-0.001033,-0.000126,0.000559,-0.001125,0.000352,0.00369,0.00888,0.0,-0.000235,-0.00067,0.000544,0.002429
ST4992,0.041774,0.043408,0.020964,0.010611,0.001832,0.074818,0.236338,0.021063,0.00334,0.029954,0.002635,0.000929,4.6e-05,0.012737,0.000301,0.000231,0.00031,0.000267,0.0,0.001248,0.000178,7.2e-05,0.0,0.000978,0.001215,-0.000108,2e-05,0.002464,0.002615,0.008202,0.0,-7.3e-05,5.1e-05,0.000848,0.001915
ST4997,0.041774,0.043408,0.021794,0.006975,0.002421,0.077333,0.188069,-0.001363,0.001596,0.015451,0.010291,0.003783,0.000466,-0.00273,-0.001202,0.000746,0.000556,3.7e-05,0.00026,0.001431,-0.001479,0.000345,-0.00036,0.000655,0.000242,0.000381,-0.001162,-0.000283,0.002839,0.008719,0.0,-0.00024,-0.000555,0.000824,0.001796
